Workbook

Sheet Dist expedição
A1: Onda | B1: ID da Rota | C1: Rota otimizada | D1: Rota original | E1: Doca | F1: Transportadora | G1: Placa | H1: Tipo de veículo | I1: Tipo de rota | J1: Tipo de área | K1: SPR | L1: Cluster | P1: Onda - Vaga | Q1: Vaga ( Não mexer) | R1: Rota Otimizada | S1: Rota_Original | T1: Onda
A2: Onda 3 | B2: 503162210016 | C2: VM9_AM1 | D2: AM1_52 | E2: 1 | F2: PARCEIRO SPOT SOLUCOES | G2: TEI0I29 | H2: Vuc Vamos 2025 | J2: Comercial - Distante | K2: 95 | L2: AM1 - C 3 | P2: =IFERROR(CONCATENATE(A2," - ",Q2),"") -> Onda 3 - DOCA 1 | Q2: =IFERROR(CONCATENATE(IF(OR(E2=1,E2=2),CONCAT("DOCA ",E2),E2)),"") -> DOCA 1 | R2: =C2 -> VM9_AM1 | S2: =D2 -> AM1_52 | T2: =A2:A447 -> Onda 3
A3: Onda 3 | B3: 503162211008 | C3: VN7_AM1 | D3: AM1_64 | E3: 2 | F3: PARCEIRO SPOT SOLUCOES | G3: TEI0I39 | H3: Vuc Vamos 2025 | I3: Híbrida | J3: Comercial - Distante | K3: 277 | L3: AM1 - C 2 | P3: =IFERROR(CONCATENATE(A3," - ",Q3),"") -> Onda 3 - DOCA 2 | Q3: =IFERROR(CONCATENATE(IF(OR(E3=1,E3=2),CONCAT("DOCA ",E3),E3)),"") -> DOCA 2 | R3: =C3 -> VN7_AM1 | S3: =D3 -> AM1_64 | T3: =A3:A448 -> Onda 3
A4: Onda 3 | B4: 503162697006 | C4: Q11_AM1 | D4: AM1_118 | E4: 9 | F4: PARCEIRO SPOT SOLUCOES | G4: TBK4I42 | H4: Utilitário Arval 2025 | J4: Distante | K4: 22 | L4: AM1 - C 4 | P4: =IFERROR(CONCATENATE(A4," - ",Q4),"") -> Onda 3 - 9 | Q4: =IFERROR(CONCATENATE(IF(OR(E4=1,E4=2),CONCAT("DOCA ",E4),E4)),"") -> 9 | R4: =C4 -> Q11_AM1 | S4: =D4 -> AM1_118 | T4: =A4:A449 -> Onda 3
A5: Onda 3 | B5: 503162210020 | C5: P11_AM1 | D5: AM1_56 | E5: 10 | F5: RodaCoop | G5: RUT0H49 | H5: Utilitários | J5: Comercial - Distante | K5: 90 | L5: AM1 - C 3 | P5: =IFERROR(CONCATENATE(A5," - ",Q5),"") -> Onda 3 - 10 | Q5: =IFERROR(CONCATENATE(IF(OR(E5=1,E5=2),CONCAT("DOCA ",E5),E5)),"") -> 10 | R5: =C5 -> P11_AM1 | S5: =D5 -> AM1_56 | T5: =A5:A450 -> Onda 3
A6: Onda 3 | B6: 503162211015 | C6: P1_AM1 | D6: AM1_71 | E6: 11 | F6: HELP ME SOLUCOES | G6: HJU1E10 | H6: Utilitários | J6: Comercial - Distante | K6: 138 | L6: AM1 - C 2 | P6: =IFERROR(CONCATENATE(A6," - ",Q6),"") -> Onda 3 - 11 | Q6: =IFERROR(CONCATENATE(IF(OR(E6=1,E6=2),CONCAT("DOCA ",E6),E6)),"") -> 11 | R6: =C6 -> P1_AM1 | S6: =D6 -> AM1_71 | T6: =A6:A451 -> Onda 3
A7: Onda 3 | B7: 503162209002 | C7: Q2_AM1 | D7: AM1_16 | E7: 12 | F7: Hawk Transportes | G7: SDDPYV3E07 | H7: Utilitários SDD | J7: Distante | K7: 140 | L7: AM1 - C 8 | P7: =IFERROR(CONCATENATE(A7," - ",Q7),"") -> Onda 3 - 12 | Q7: =IFERROR(CONCATENATE(IF(OR(E7=1,E7=2),CONCAT("DOCA ",E7),E7)),"") -> 12 | R7: =C7 -> Q2_AM1 | S7: =D7 -> AM1_16 | T7: =A7:A452 -> Onda 3
A8: Onda 3 | B8: 503162211010 | C8: P10_AM1 | D8: AM1_66 | E8: 13 | F8: Hawk Transportes | G8: QOV9439 | H8: Utilitários | J8: Comercial - Distante | K8: 91 | L8: AM1 - C 2 | P8: =IFERROR(CONCATENATE(A8," - ",Q8),"") -> Onda 3 - 13 | Q8: =IFERROR(CONCATENATE(IF(OR(E8=1,E8=2),CONCAT("DOCA ",E8),E8)),"") -> 13 | R8: =C8 -> P10_AM1 | S8: =D8 -> AM1_66 | T8: =A8:A453 -> Onda 3
A9: Onda 3 | B9: 503162210006 | C9: P12_AM1 | D9: AM1_42 | E9: 14 | F9: Hawk Transportes | G9: SDDRCB7E59 | H9: Utilitários SDD | J9: Comercial - Distante | K9: 75 | L9: AM1 - C 3 | P9: =IFERROR(CONCATENATE(A9," - ",Q9),"") -> Onda 3 - 14 | Q9: =IFERROR(CONCATENATE(IF(OR(E9=1,E9=2),CONCAT("DOCA ",E9),E9)),"") -> 14 | R9: =C9 -> P12_AM1 | S9: =D9 -> AM1_42 | T9: =A9:A454 -> Onda 3
A10: Onda 3 | B10: 503162052001 | C10: Q1_AM1 | D10: AM1_4 | E10: 15 | F10: FLASHLOG | G10: SDDPLL2C41 | H10: Utilitários SDD | J10: Distante | K10: 202 | L10: AM1 - C 6 | P10: =IFERROR(CONCATENATE(A10," - ",Q10),"") -> Onda 3 - 15 | Q10: =IFERROR(CONCATENATE(IF(OR(E10=1,E10=2),CONCAT("DOCA ",E10),E10)),"") -> 15 | R10: =C10 -> Q1_AM1 | S10: =D10 -> AM1_4 | T10: =A10:A455 -> Onda 3
A11: Onda 3 | B11: 503162052005 | C11: Q10_AM1 | D11: AM1_8 | E11: 16 | F11: FLASHLOG | G11: SDDRMN8E33 | H11: Utilitario Fixo | J11: Distante | K11: 98 | L11: AM1 - C 6 | P11: =IFERROR(CONCATENATE(A11," - ",Q11),"") -> Onda 3 - 16 | Q11: =IFERROR(CONCATENATE(IF(OR(E11=1,E11=2),CONCAT("DOCA ",E11),E11)),"") -> 16 | R11: =C11 -> Q10_AM1 | S11: =D11 -> AM1_8 | T11: =A11:A456 -> Onda 3
A12: Onda 3 | B12: 503162052006 | C12: P5_AM1 | D12: AM1_9 | E12: 17 | F12: FLASHLOG | G12: QOC6D66 | H12: Utilitario Fixo | J12: Distante | K12: 106 | L12: AM1 - C 6 | P12: =IFERROR(CONCATENATE(A12," - ",Q12),"") -> Onda 3 - 17 | Q12: =IFERROR(CONCATENATE(IF(OR(E12=1,E12=2),CONCAT("DOCA ",E12),E12)),"") -> 17 | R12: =C12 -> P5_AM1 | S12: =D12 -> AM1_9 | T12: =A12:A457 -> Onda 3
A13: Onda 3 | B13: 503162209005 | C13: P7_AM1 | D13: AM1_19 | E13: 18 | F13: PARCEIRO SPOT SOLUCOES | G13: TEB5J19 | H13: Van Vamos 2025 | J13: Distante - Comercial | K13: 96 | L13: AM1 - C 8 | P13: =IFERROR(CONCATENATE(A13," - ",Q13),"") -> Onda 3 - 18 | Q13: =IFERROR(CONCATENATE(IF(OR(E13=1,E13=2),CONCAT("DOCA ",E13),E13)),"") -> 18 | R13: =C13 -> P7_AM1 | S13: =D13 -> AM1_19 | T13: =A13:A458 -> Onda 3
A14: Onda 3 | B14: 503162096001 | C14: VN6_AM1 | D14: AM1_3 | E14: 19 | F14: PARCEIRO SPOT SOLUCOES | G14: TEB5J16 | H14: Van Vamos 2025 | I14: Híbrida | J14: Distante | K14: 310 | L14: AM1 - C 7 | P14: =IFERROR(CONCATENATE(A14," - ",Q14),"") -> Onda 3 - 19 | Q14: =IFERROR(CONCATENATE(IF(OR(E14=1,E14=2),CONCAT("DOCA ",E14),E14)),"") -> 19 | R14: =C14 -> VN6_AM1 | S14: =D14 -> AM1_3 | T14: =A14:A459 -> Onda 3
A15: Onda 3 | B15: 503162052002 | C15: Q5_AM1 | D15: AM1_5 | E15: 20 | F15: PARCEIRO SPOT SOLUCOES | G15: TEB5J14 | H15: Van Vamos 2025 | J15: Comercial - Distante | K15: 119 | L15: AM1 - C 6 | P15: =IFERROR(CONCATENATE(A15," - ",Q15),"") -> Onda 3 - 20 | Q15: =IFERROR(CONCATENATE(IF(OR(E15=1,E15=2),CONCAT("DOCA ",E15),E15)),"") -> 20 | R15: =C15 -> Q5_AM1 | S15: =D15 -> AM1_5 | T15: =A15:A460 -> Onda 3
A16: Onda 3 | B16: 503162211009 | C16: P4_AM1 | D16: AM1_65 | E16: 21 | F16: A L C TRANSPORTES | G16: PWK9B31 | H16: Utilitários | J16: Comercial - Distante | K16: 108 | L16: AM1 - C 2 | P16: =IFERROR(CONCATENATE(A16," - ",Q16),"") -> Onda 3 - 21 | Q16: =IFERROR(CONCATENATE(IF(OR(E16=1,E16=2),CONCAT("DOCA ",E16),E16)),"") -> 21 | R16: =C16 -> P4_AM1 | S16: =D16 -> AM1_65 | T16: =A16:A461 -> Onda 3
A17: Onda 3 | B17: 503162210007 | C17: P8_AM1 | D17: AM1_43 | E17: 22 | F17: A L C TRANSPORTES | G17: SDDRMS8F61 | H17: Utilitários SDD | J17: Comercial - Distante | K17: 94 | L17: AM1 - C 3 | P17: =IFERROR(CONCATENATE(A17," - ",Q17),"") -> Onda 3 - 22 | Q17: =IFERROR(CONCATENATE(IF(OR(E17=1,E17=2),CONCAT("DOCA ",E17),E17)),"") -> 22 | R17: =C17 -> P8_AM1 | S17: =D17 -> AM1_43 | T17: =A17:A462 -> Onda 3
A18: Onda 3 | B18: 503162211002 | C18: Q8_AM1 | D18: AM1_58 | E18: 23 | F18: A L C TRANSPORTES | G18: SDDPVK4C55 | H18: Utilitários SDD | J18: Comercial - Distante | K18: 108 | L18: AM1 - C 2 | P18: =IFERROR(CONCATENATE(A18," - ",Q18),"") -> Onda 3 - 23 | Q18: =IFERROR(CONCATENATE(IF(OR(E18=1,E18=2),CONCAT("DOCA ",E18),E18)),"") -> 23 | R18: =C18 -> Q8_AM1 | S18: =D18 -> AM1_58 | T18: =A18:A463 -> Onda 3
A19: Onda 3 | B19: 503162211014 | C19: P2_AM1 | D19: AM1_70 | E19: 24 | F19: HELP ME SOLUCOES | G19: SYZ5B99 | H19: Utilitários | J19: Comercial - Distante | K19: 130 | L19: AM1 - C 2 | P19: =IFERROR(CONCATENATE(A19," - ",Q19),"") -> Onda 3 - 24 | Q19: =IFERROR(CONCATENATE(IF(OR(E19=1,E19=2),CONCAT("DOCA ",E19),E19)),"") -> 24 | R19: =C19 -> P2_AM1 | S19: =D19 -> AM1_70 | T19: =A19:A464 -> Onda 3
A20: Onda 3 | B20: 503162211013 | C20: Q6_AM1 | D20: AM1_69 | E20: 25 | F20: HELP ME SOLUCOES | G20: RNK7H96 | H20: Utilitários | J20: Comercial - Distante | K20: 115 | L20: AM1 - C 2 | P20: =IFERROR(CONCATENATE(A20," - ",Q20),"") -> Onda 3 - 25 | Q20: =IFERROR(CONCATENATE(IF(OR(E20=1,E20=2),CONCAT("DOCA ",E20),E20)),"") -> 25 | R20: =C20 -> Q6_AM1 | S20: =D20 -> AM1_69 | T20: =A20:A465 -> Onda 3
A21: Onda 3 | B21: 503162052003 | C21: P3_AM1 | D21: AM1_6 | E21: 26 | F21: FLASHLOG | G21: PYU9C17 | H21: Utilitario Fixo | J21: Comercial - Distante | K21: 118 | L21: AM1 - C 6 | P21: =IFERROR(CONCATENATE(A21," - ",Q21),"") -> Onda 3 - 26 | Q21: =IFERROR(CONCATENATE(IF(OR(E21=1,E21=2),CONCAT("DOCA ",E21),E21)),"") -> 26 | R21: =C21 -> P3_AM1 | S21: =D21 -> AM1_6 | T21: =A21:A466 -> Onda 3
A22: Onda 3 | B22: 503162052004 | C22: P9_AM1 | D22: AM1_7 | E22: 27 | F22: FLASHLOG | G22: AZN3B80 | H22: Utilitario Fixo | J22: Distante - Comercial | K22: 92 | L22: AM1 - C 6 | P22: =IFERROR(CONCATENATE(A22," - ",Q22),"") -> Onda 3 - 27 | Q22: =IFERROR(CONCATENATE(IF(OR(E22=1,E22=2),CONCAT("DOCA ",E22),E22)),"") -> 27 | R22: =C22 -> P9_AM1 | S22: =D22 -> AM1_7 | T22: =A22:A467 -> Onda 3
A23: Onda 3 | B23: 503162052008 | C23: Q9_AM1 | D23: AM1_11 | E23: 28 | F23: FLASHLOG | G23: SDDNLR1E03 | H23: Utilitario Fixo | J23: Comercial - Distante | K23: 106 | L23: AM1 - C 6 | P23: =IFERROR(CONCATENATE(A23," - ",Q23),"") -> Onda 3 - 28 | Q23: =IFERROR(CONCATENATE(IF(OR(E23=1,E23=2),CONCAT("DOCA ",E23),E23)),"") -> 28 | R23: =C23 -> Q9_AM1 | S23: =D23 -> AM1_11 | T23: =A23:A468 -> Onda 3
A24: Onda 3 | B24: 503162052009 | C24: Q4_AM1 | D24: AM1_12 | E24: 29 | F24: FLASHLOG | G24: SDDFLT2F40 | H24: Utilitario Fixo | J24: Comercial - Distante | K24: 124 | L24: AM1 - C 6 | P24: =IFERROR(CONCATENATE(A24," - ",Q24),"") -> Onda 3 - 29 | Q24: =IFERROR(CONCATENATE(IF(OR(E24=1,E24=2),CONCAT("DOCA ",E24),E24)),"") -> 29 | R24: =C24 -> Q4_AM1 | S24: =D24 -> AM1_12 | T24: =A24:A469 -> Onda 3
A25: Onda 3 | B25: 503162210001 | C25: P13_AM1 | D25: AM1_37 | E25: 30 | F25: Kangu Logistics | G25: QYO6J12 | H25: Utilitários SDD | J25: Comercial - Distante | K25: 68 | L25: AM1 - C 3 | P25: =IFERROR(CONCATENATE(A25," - ",Q25),"") -> Onda 3 - 30 | Q25: =IFERROR(CONCATENATE(IF(OR(E25=1,E25=2),CONCAT("DOCA ",E25),E25)),"") -> 30 | R25: =C25 -> P13_AM1 | S25: =D25 -> AM1_37 | T25: =A25:A470 -> Onda 3
A26: Onda 4 | B26: 503162211007 | C26: VM8_AM1 | D26: AM1_63 | E26: 1 | F26: PARCEIRO SPOT SOLUCOES | G26: TXY6A60 | H26: Vuc Vamos 2025 | I26: Híbrida | J26: Distante - Comercial | K26: 121 | L26: AM1 - C 2 | P26: =IFERROR(CONCATENATE(A26," - ",Q26),"") -> Onda 4 - DOCA 1 | Q26: =IFERROR(CONCATENATE(IF(OR(E26=1,E26=2),CONCAT("DOCA ",E26),E26)),"") -> DOCA 1 | R26: =C26 -> VM8_AM1 | S26: =D26 -> AM1_63 | T26: =A26:A471 -> Onda 4
A27: Onda 4 | B27: 503162211006 | C27: VN1_AM1 | D27: AM1_62 | E27: 2 | F27: PARCEIRO SPOT SOLUCOES | G27: TEN6A96 | H27: Vuc Vamos 2025 | I27: Híbrida | J27: Distante - Comercial | K27: 167 | L27: AM1 - C 2 | P27: =IFERROR(CONCATENATE(A27," - ",Q27),"") -> Onda 4 - DOCA 2 | Q27: =IFERROR(CONCATENATE(IF(OR(E27=1,E27=2),CONCAT("DOCA ",E27),E27)),"") -> DOCA 2 | R27: =C27 -> VN1_AM1 | S27: =D27 -> AM1_62 | T27: =A27:A472 -> Onda 4
A28: Onda 4 | B28: 503162697004 | C28: A7_AM1 | D28: AM1_116 | E28: 9 | F28: PARCEIRO SPOT SOLUCOES | G28: TEC1G20 | H28: Vuc Vamos 2025 | K28: 120 | L28: AM1 - C 4 | P28: =IFERROR(CONCATENATE(A28," - ",Q28),"") -> Onda 4 - 9 | Q28: =IFERROR(CONCATENATE(IF(OR(E28=1,E28=2),CONCAT("DOCA ",E28),E28)),"") -> 9 | R28: =C28 -> A7_AM1 | S28: =D28 -> AM1_116 | T28: =A28:A473 -> Onda 4
A29: Onda 4 | B29: 503162211012 | C29: Q3_AM1 | D29: AM1_68 | E29: 10 | F29: Hawk Transportes | G29: TZB1I38 | H29: Utilitários | J29: Comercial - Distante | K29: 137 | L29: AM1 - C 2 | P29: =IFERROR(CONCATENATE(A29," - ",Q29),"") -> Onda 4 - 10 | Q29: =IFERROR(CONCATENATE(IF(OR(E29=1,E29=2),CONCAT("DOCA ",E29),E29)),"") -> 10 | R29: =C29 -> Q3_AM1 | S29: =D29 -> AM1_68 | T29: =A29:A474 -> Onda 4
A30: Onda 4 | B30: 503162209008 | C30: H11_AM1 | D30: AM1_22 | E30: 11 | F30: Hawk Transportes | G30: QPW5D28 | H30: Utilitários | J30: Comercial - Distante | K30: 91 | L30: AM1 - C 8 | P30: =IFERROR(CONCATENATE(A30," - ",Q30),"") -> Onda 4 - 11 | Q30: =IFERROR(CONCATENATE(IF(OR(E30=1,E30=2),CONCAT("DOCA ",E30),E30)),"") -> 11 | R30: =C30 -> H11_AM1 | S30: =D30 -> AM1_22 | T30: =A30:A475 -> Onda 4
A31: Onda 4 | B31: 503162211001 | C31: I8_AM1 | D31: AM1_57 | E31: 12 | F31: Hawk Transportes | G31: SDDBCM9G31 | H31: Utilitários SDD | J31: Comercial - Distante | K31: 113 | L31: AM1 - C 2 | P31: =IFERROR(CONCATENATE(A31," - ",Q31),"") -> Onda 4 - 12 | Q31: =IFERROR(CONCATENATE(IF(OR(E31=1,E31=2),CONCAT("DOCA ",E31),E31)),"") -> 12 | R31: =C31 -> I8_AM1 | S31: =D31 -> AM1_57 | T31: =A31:A476 -> Onda 4
A32: Onda 4 | B32: 503162697008 | C32: A8_AM1 | D32: AM1_120 | E32: 13 | F32: Hawk Transportes | G32: QUC4744 | H32: Utilitários | J32: Comercial | K32: 105 | L32: AM1 - C 4 | P32: =IFERROR(CONCATENATE(A32," - ",Q32),"") -> Onda 4 - 13 | Q32: =IFERROR(CONCATENATE(IF(OR(E32=1,E32=2),CONCAT("DOCA ",E32),E32)),"") -> 13 | R32: =C32 -> A8_AM1 | S32: =D32 -> AM1_120 | T32: =A32:A477 -> Onda 4
A33: Onda 4 | B33: 503162367010 | C33: B3_AM1 | D33: AM1_111 | E33: 14 | F33: Hawk Transportes | G33: PAK2D47 | H33: Utilitários | J33: Comercial | K33: 134 | L33: AM1 - C 5 | P33: =IFERROR(CONCATENATE(A33," - ",Q33),"") -> Onda 4 - 14 | Q33: =IFERROR(CONCATENATE(IF(OR(E33=1,E33=2),CONCAT("DOCA ",E33),E33)),"") -> 14 | R33: =C33 -> B3_AM1 | S33: =D33 -> AM1_111 | T33: =A33:A478 -> Onda 4
A34: Onda 4 | B34: 503162697003 | C34: B1_AM1 | D34: AM1_115 | E34: 15 | F34: PARCEIRO SPOT SOLUCOES | G34: RUM2B41 | H34: Rental Utilitário com Ajudante | J34: Comercial | K34: 160 | L34: AM1 - C 4 | P34: =IFERROR(CONCATENATE(A34," - ",Q34),"") -> Onda 4 - 15 | Q34: =IFERROR(CONCATENATE(IF(OR(E34=1,E34=2),CONCAT("DOCA ",E34),E34)),"") -> 15 | R34: =C34 -> B1_AM1 | S34: =D34 -> AM1_115 | T34: =A34:A479 -> Onda 4
A35: Onda 4 | B35: 503162211003 | C35: Q7_AM1 | D35: AM1_59 | E35: 16 | F35: PARCEIRO SPOT SOLUCOES | G35: TDZ7B97 | H35: Van Vamos 2025 | J35: Distante | K35: 115 | L35: AM1 - C 2 | P35: =IFERROR(CONCATENATE(A35," - ",Q35),"") -> Onda 4 - 16 | Q35: =IFERROR(CONCATENATE(IF(OR(E35=1,E35=2),CONCAT("DOCA ",E35),E35)),"") -> 16 | R35: =C35 -> Q7_AM1 | S35: =D35 -> AM1_59 | T35: =A35:A480 -> Onda 4
A36: Onda 4 | B36: 503162697007 | C36: A9_AM1 | D36: AM1_119 | E36: 17 | F36: PARCEIRO SPOT SOLUCOES | G36: TBK9F54 | H36: Utilitário Arval 2025 | J36: Comercial | K36: 58 | L36: AM1 - C 4 | P36: =IFERROR(CONCATENATE(A36," - ",Q36),"") -> Onda 4 - 17 | Q36: =IFERROR(CONCATENATE(IF(OR(E36=1,E36=2),CONCAT("DOCA ",E36),E36)),"") -> 17 | R36: =C36 -> A9_AM1 | S36: =D36 -> AM1_119 | T36: =A36:A481 -> Onda 4
A37: Onda 4 | B37: 503162209001 | C37: D1_AM1 | D37: AM1_15 | E37: 18 | F37: Hawk Transportes | G37: QNX0J66 | H37: Vuc | I37: Híbrida | J37: Comercial - Distante | K37: 393 | L37: AM1 - C 8 | P37: =IFERROR(CONCATENATE(A37," - ",Q37),"") -> Onda 4 - 18 | Q37: =IFERROR(CONCATENATE(IF(OR(E37=1,E37=2),CONCAT("DOCA ",E37),E37)),"") -> 18 | R37: =C37 -> D1_AM1 | S37: =D37 -> AM1_15 | T37: =A37:A482 -> Onda 4
A38: Onda 4 | B38: 503162211004 | C38: I1_AM1 | D38: AM1_60 | E38: 19 | F38: PARCEIRO SPOT SOLUCOES | G38: TEB5I99 | H38: Van Vamos 2025 | J38: Comercial - Distante | K38: 154 | L38: AM1 - C 2 | P38: =IFERROR(CONCATENATE(A38," - ",Q38),"") -> Onda 4 - 19 | Q38: =IFERROR(CONCATENATE(IF(OR(E38=1,E38=2),CONCAT("DOCA ",E38),E38)),"") -> 19 | R38: =C38 -> I1_AM1 | S38: =D38 -> AM1_60 | T38: =A38:A483 -> Onda 4
A39: Onda 4 | B39: 503162367009 | C39: B2_AM1 | D39: AM1_110 | E39: 20 | F39: PARCEIRO SPOT SOLUCOES | G39: TBK9D25 | H39: Utilitário Arval 2025 | J39: Comercial | K39: 152 | L39: AM1 - C 5 | P39: =IFERROR(CONCATENATE(A39," - ",Q39),"") -> Onda 4 - 20 | Q39: =IFERROR(CONCATENATE(IF(OR(E39=1,E39=2),CONCAT("DOCA ",E39),E39)),"") -> 20 | R39: =C39 -> B2_AM1 | S39: =D39 -> AM1_110 | T39: =A39:A484 -> Onda 4
A40: Onda 4 | B40: 503162697012 | C40: A4_AM1 | D40: AM1_124 | E40: 21 | F40: A L C TRANSPORTES | G40: OXH2C13 | H40: Utilitários | J40: Comercial | K40: 130 | L40: AM1 - C 4 | P40: =IFERROR(CONCATENATE(A40," - ",Q40),"") -> Onda 4 - 21 | Q40: =IFERROR(CONCATENATE(IF(OR(E40=1,E40=2),CONCAT("DOCA ",E40),E40)),"") -> 21 | R40: =C40 -> A4_AM1 | S40: =D40 -> AM1_124 | T40: =A40:A485 -> Onda 4
A41: Onda 4 | B41: 503162697011 | C41: A5_AM1 | D41: AM1_123 | E41: 22 | F41: A L C TRANSPORTES | G41: RNV2A47 | H41: Utilitários | K41: 129 | L41: AM1 - C 4 | P41: =IFERROR(CONCATENATE(A41," - ",Q41),"") -> Onda 4 - 22 | Q41: =IFERROR(CONCATENATE(IF(OR(E41=1,E41=2),CONCAT("DOCA ",E41),E41)),"") -> 22 | R41: =C41 -> A5_AM1 | S41: =D41 -> AM1_123 | T41: =A41:A486 -> Onda 4
A42: Onda 4 | B42: 503162697009 | C42: A6_AM1 | D42: AM1_121 | E42: 23 | F42: HELP ME SOLUCOES | G42: QXM3F61 | H42: Utilitários | J42: Comercial | K42: 125 | L42: AM1 - C 4 | P42: =IFERROR(CONCATENATE(A42," - ",Q42),"") -> Onda 4 - 23 | Q42: =IFERROR(CONCATENATE(IF(OR(E42=1,E42=2),CONCAT("DOCA ",E42),E42)),"") -> 23 | R42: =C42 -> A6_AM1 | S42: =D42 -> AM1_121 | T42: =A42:A487 -> Onda 4
A43: Onda 4 | B43: 503162697015 | C43: A2_AM1 | D43: AM1_127 | E43: 24 | F43: Hawk Transportes | G43: SDDTEG6H67 | H43: Vuc | J43: Comercial | K43: 140 | L43: AM1 - C 4 | P43: =IFERROR(CONCATENATE(A43," - ",Q43),"") -> Onda 4 - 24 | Q43: =IFERROR(CONCATENATE(IF(OR(E43=1,E43=2),CONCAT("DOCA ",E43),E43)),"") -> 24 | R43: =C43 -> A2_AM1 | S43: =D43 -> AM1_127 | T43: =A43:A488 -> Onda 4
A44: Onda 4 | B44: 503162211011 | C44: P6_AM1 | D44: AM1_67 | E44: 25 | F44: HELP ME SOLUCOES | G44: QNN3H88 | H44: Utilitários | J44: Comercial - Distante | K44: 98 | L44: AM1 - C 2 | P44: =IFERROR(CONCATENATE(A44," - ",Q44),"") -> Onda 4 - 25 | Q44: =IFERROR(CONCATENATE(IF(OR(E44=1,E44=2),CONCAT("DOCA ",E44),E44)),"") -> 25 | R44: =C44 -> P6_AM1 | S44: =D44 -> AM1_67 | T44: =A44:A489 -> Onda 4
A45: Onda 4 | B45: 503162697010 | C45: A1_AM1 | D45: AM1_122 | E45: 26 | F45: HELP ME SOLUCOES | G45: OME0G85 | H45: Utilitários | K45: 230 | L45: AM1 - C 4 | P45: =IFERROR(CONCATENATE(A45," - ",Q45),"") -> Onda 4 - 26 | Q45: =IFERROR(CONCATENATE(IF(OR(E45=1,E45=2),CONCAT("DOCA ",E45),E45)),"") -> 26 | R45: =C45 -> A1_AM1 | S45: =D45 -> AM1_122 | T45: =A45:A490 -> Onda 4
A46: Onda 4 | B46: 503162052007 | C46: I3_AM1 | D46: AM1_10 | E46: 27 | F46: Kangu Logistics | G46: RUT5C80 | H46: Utilitario Fixo | J46: Comercial - Distante | K46: 126 | L46: AM1 - C 6 | P46: =IFERROR(CONCATENATE(A46," - ",Q46),"") -> Onda 4 - 27 | Q46: =IFERROR(CONCATENATE(IF(OR(E46=1,E46=2),CONCAT("DOCA ",E46),E46)),"") -> 27 | R46: =C46 -> I3_AM1 | S46: =D46 -> AM1_10 | T46: =A46:A491 -> Onda 4
A47: Onda 4 | B47: 503162052011 | C47: H8_AM1 | D47: AM1_14 | E47: 28 | F47: Kangu Logistics | G47: REH1A27 | H47: Utilitários | J47: Comercial - Distante | K47: 118 | L47: AM1 - C 6 | P47: =IFERROR(CONCATENATE(A47," - ",Q47),"") -> Onda 4 - 28 | Q47: =IFERROR(CONCATENATE(IF(OR(E47=1,E47=2),CONCAT("DOCA ",E47),E47)),"") -> 28 | R47: =C47 -> H8_AM1 | S47: =D47 -> AM1_14 | T47: =A47:A492 -> Onda 4
A48: Onda 4 | B48: 503162211005 | C48: I10_AM1 | D48: AM1_61 | E48: 29 | F48: Kangu Logistics | G48: PVM7I29 | H48: Utilitario Fixo | J48: Comercial - Distante | K48: 105 | L48: AM1 - C 2 | P48: =IFERROR(CONCATENATE(A48," - ",Q48),"") -> Onda 4 - 29 | Q48: =IFERROR(CONCATENATE(IF(OR(E48=1,E48=2),CONCAT("DOCA ",E48),E48)),"") -> 29 | R48: =C48 -> I10_AM1 | S48: =D48 -> AM1_61 | T48: =A48:A493 -> Onda 4
A49: Onda 4 | B49: 503162367003 | C49: B4_AM1 | D49: AM1_104 | E49: 30 | F49: Kangu Logistics | G49: OQQ7I48 | H49: Utilitários SDD | J49: Comercial | K49: 125 | L49: AM1 - C 5 | P49: =IFERROR(CONCATENATE(A49," - ",Q49),"") -> Onda 4 - 30 | Q49: =IFERROR(CONCATENATE(IF(OR(E49=1,E49=2),CONCAT("DOCA ",E49),E49)),"") -> 30 | R49: =C49 -> B4_AM1 | S49: =D49 -> AM1_104 | T49: =A49:A494 -> Onda 4
A50: Onda 5 | B50: 503162210015 | C50: D3_AM1 | D50: AM1_51 | E50: 9 | F50: PARCEIRO SPOT SOLUCOES | G50: TEN6B31 | H50: Vuc Vamos 2025 | J50: Comercial | K50: 352 | L50: AM1 - C 3 | P50: =IFERROR(CONCATENATE(A50," - ",Q50),"") -> Onda 5 - 9 | Q50: =IFERROR(CONCATENATE(IF(OR(E50=1,E50=2),CONCAT("DOCA ",E50),E50)),"") -> 9 | R50: =C50 -> D3_AM1 | S50: =D50 -> AM1_51 | T50: =A50:A495 -> Onda 5
A51: Onda 5 | B51: 503162210011 | C51: D2_AM1 | D51: AM1_47 | E51: 10 | F51: PARCEIRO SPOT SOLUCOES | G51: RUM2B38 | H51: Rental Utilitário com Ajudante | I51: Híbrida | J51: Comercial | K51: 219 | L51: AM1 - C 3 | P51: =IFERROR(CONCATENATE(A51," - ",Q51),"") -> Onda 5 - 10 | Q51: =IFERROR(CONCATENATE(IF(OR(E51=1,E51=2),CONCAT("DOCA ",E51),E51)),"") -> 10 | R51: =C51 -> D2_AM1 | S51: =D51 -> AM1_47 | T51: =A51:A496 -> Onda 5
A52: Onda 5 | B52: 503162207007 | C52: C4_AM1 | D52: AM1_98 | E52: 11 | F52: PARCEIRO SPOT SOLUCOES | G52: TBK9D03 | H52: Utilitário Arval 2025 | J52: Comercial | K52: 142 | L52: AM1 - C 1 | P52: =IFERROR(CONCATENATE(A52," - ",Q52),"") -> Onda 5 - 11 | Q52: =IFERROR(CONCATENATE(IF(OR(E52=1,E52=2),CONCAT("DOCA ",E52),E52)),"") -> 11 | R52: =C52 -> C4_AM1 | S52: =D52 -> AM1_98 | T52: =A52:A497 -> Onda 5
A53: Onda 5 | B53: 503162210014 | C53: VN3_AM1 | D53: AM1_50 | E53: 12 | F53: PARCEIRO SPOT SOLUCOES | G53: TEN6B01 | H53: Vuc Vamos 2025 | J53: Comercial | K53: 63 | L53: AM1 - C 3 | P53: =IFERROR(CONCATENATE(A53," - ",Q53),"") -> Onda 5 - 12 | Q53: =IFERROR(CONCATENATE(IF(OR(E53=1,E53=2),CONCAT("DOCA ",E53),E53)),"") -> 12 | R53: =C53 -> VN3_AM1 | S53: =D53 -> AM1_50 | T53: =A53:A498 -> Onda 5
A54: Onda 5 | B54: 503162207008 | C54: B9_AM1 | D54: AM1_99 | E54: 13 | F54: HELP ME SOLUCOES | G54: TYR2C62 | H54: Utilitários | K54: 85 | L54: AM1 - C 1 | P54: =IFERROR(CONCATENATE(A54," - ",Q54),"") -> Onda 5 - 13 | Q54: =IFERROR(CONCATENATE(IF(OR(E54=1,E54=2),CONCAT("DOCA ",E54),E54)),"") -> 13 | R54: =C54 -> B9_AM1 | S54: =D54 -> AM1_99 | T54: =A54:A499 -> Onda 5
A55: Onda 5 | B55: 503162207009 | C55: B6_AM1 | D55: AM1_100 | E55: 14 | F55: HELP ME SOLUCOES | G55: QNP3J77 | H55: Utilitários | J55: Comercial | K55: 113 | L55: AM1 - C 1 | P55: =IFERROR(CONCATENATE(A55," - ",Q55),"") -> Onda 5 - 14 | Q55: =IFERROR(CONCATENATE(IF(OR(E55=1,E55=2),CONCAT("DOCA ",E55),E55)),"") -> 14 | R55: =C55 -> B6_AM1 | S55: =D55 -> AM1_100 | T55: =A55:A500 -> Onda 5
A56: Onda 5 | B56: 503162095001 | C56: F1_AM1 | D56: AM1_2 | E56: 15 | F56: PARCEIRO SPOT SOLUCOES | G56: TEN6B29 | H56: Vuc Vamos 2025 | I56: Híbrida | K56: 1199 | L56: AM1 - C 9 | P56: =IFERROR(CONCATENATE(A56," - ",Q56),"") -> Onda 5 - 15 | Q56: =IFERROR(CONCATENATE(IF(OR(E56=1,E56=2),CONCAT("DOCA ",E56),E56)),"") -> 15 | R56: =C56 -> F1_AM1 | S56: =D56 -> AM1_2 | T56: =A56:A501 -> Onda 5
A57: Onda 5 | B57: 503162207004 | C57: B8_AM1 | D57: AM1_95 | E57: 16 | F57: PARCEIRO SPOT SOLUCOES | G57: TEB5J15 | H57: Van Vamos 2025 | J57: Comercial | K57: 100 | L57: AM1 - C 1 | P57: =IFERROR(CONCATENATE(A57," - ",Q57),"") -> Onda 5 - 16 | Q57: =IFERROR(CONCATENATE(IF(OR(E57=1,E57=2),CONCAT("DOCA ",E57),E57)),"") -> 16 | R57: =C57 -> B8_AM1 | S57: =D57 -> AM1_95 | T57: =A57:A502 -> Onda 5
A58: Onda 5 | B58: 503162697005 | C58: C10_AM1 | D58: AM1_117 | E58: 17 | F58: RodaCoop | G58: RVO2G15 | H58: Veículo de Passeio | I58: ME Extra | J58: Comercial | K58: 87 | L58: AM1 - C 4 | P58: =IFERROR(CONCATENATE(A58," - ",Q58),"") -> Onda 5 - 17 | Q58: =IFERROR(CONCATENATE(IF(OR(E58=1,E58=2),CONCAT("DOCA ",E58),E58)),"") -> 17 | R58: =C58 -> C10_AM1 | S58: =D58 -> AM1_117 | T58: =A58:A503 -> Onda 5
A59: Onda 5 | B59: 503162367002 | C59: C1_AM1 | D59: AM1_103 | E59: 18 | F59: RodaCoop | G59: GNQ1J55 | H59: Van | I59: ME Extra | J59: Comercial | K59: 159 | L59: AM1 - C 5 | P59: =IFERROR(CONCATENATE(A59," - ",Q59),"") -> Onda 5 - 18 | Q59: =IFERROR(CONCATENATE(IF(OR(E59=1,E59=2),CONCAT("DOCA ",E59),E59)),"") -> 18 | R59: =C59 -> C1_AM1 | S59: =D59 -> AM1_103 | T59: =A59:A504 -> Onda 5
A60: Onda 5 | B60: 503162367005 | C60: C3_AM1 | D60: AM1_106 | E60: 19 | F60: PARCEIRO SPOT SOLUCOES | G60: TDZ7C63 | H60: Van Vamos 2025 | J60: Comercial | K60: 156 | L60: AM1 - C 5 | P60: =IFERROR(CONCATENATE(A60," - ",Q60),"") -> Onda 5 - 19 | Q60: =IFERROR(CONCATENATE(IF(OR(E60=1,E60=2),CONCAT("DOCA ",E60),E60)),"") -> 19 | R60: =C60 -> C3_AM1 | S60: =D60 -> AM1_106 | T60: =A60:A505 -> Onda 5
A61: Onda 5 | B61: 503162697002 | C61: C9_AM1 | D61: AM1_114 | E61: 20 | F61: Kangu Logistics | G61: QNI4I89 | H61: Van Vamos 2025 | K61: 96 | L61: AM1 - C 4 | P61: =IFERROR(CONCATENATE(A61," - ",Q61),"") -> Onda 5 - 20 | Q61: =IFERROR(CONCATENATE(IF(OR(E61=1,E61=2),CONCAT("DOCA ",E61),E61)),"") -> 20 | R61: =C61 -> C9_AM1 | S61: =D61 -> AM1_114 | T61: =A61:A506 -> Onda 5
A62: Onda 5 | B62: 503162367008 | C62: C8_AM1 | D62: AM1_109 | E62: 21 | F62: Kangu Logistics | G62: NSA1F10 | H62: Veículo de Passeio | I62: ME Extra | J62: Comercial | K62: 97 | L62: AM1 - C 5 | P62: =IFERROR(CONCATENATE(A62," - ",Q62),"") -> Onda 5 - 21 | Q62: =IFERROR(CONCATENATE(IF(OR(E62=1,E62=2),CONCAT("DOCA ",E62),E62)),"") -> 21 | R62: =C62 -> C8_AM1 | S62: =D62 -> AM1_109 | T62: =A62:A507 -> Onda 5
A63: Onda 5 | B63: 503162367006 | C63: D5_AM1 | D63: AM1_107 | E63: 22 | F63: Kangu Logistics | G63: RNX9G50 | H63: Utilitario Fixo | J63: Comercial | K63: 98 | L63: AM1 - C 5 | P63: =IFERROR(CONCATENATE(A63," - ",Q63),"") -> Onda 5 - 22 | Q63: =IFERROR(CONCATENATE(IF(OR(E63=1,E63=2),CONCAT("DOCA ",E63),E63)),"") -> 22 | R63: =C63 -> D5_AM1 | S63: =D63 -> AM1_107 | T63: =A63:A508 -> Onda 5
A64: Onda 5 | B64: 503162367011 | C64: C5_AM1 | D64: AM1_112 | E64: 23 | F64: Hawk Transportes | G64: QOO6D89 | H64: Utilitários | J64: Comercial | K64: 141 | L64: AM1 - C 5 | P64: =IFERROR(CONCATENATE(A64," - ",Q64),"") -> Onda 5 - 23 | Q64: =IFERROR(CONCATENATE(IF(OR(E64=1,E64=2),CONCAT("DOCA ",E64),E64)),"") -> 23 | R64: =C64 -> C5_AM1 | S64: =D64 -> AM1_112 | T64: =A64:A509 -> Onda 5
A65: Onda 5 | B65: 503162697013 | C65: A3_AM1 | D65: AM1_125 | E65: 24 | F65: Hawk Transportes | G65: EVA3C49 | H65: Vuc | J65: Comercial | K65: 132 | L65: AM1 - C 4 | P65: =IFERROR(CONCATENATE(A65," - ",Q65),"") -> Onda 5 - 24 | Q65: =IFERROR(CONCATENATE(IF(OR(E65=1,E65=2),CONCAT("DOCA ",E65),E65)),"") -> 24 | R65: =C65 -> A3_AM1 | S65: =D65 -> AM1_125 | T65: =A65:A510 -> Onda 5
A66: Onda 5 | B66: 503162207003 | C66: B5_AM1 | D66: AM1_94 | E66: 25 | F66: Hawk Transportes | G66: RUV4G06 | H66: Rental Utilitário sem Ajudante | J66: Comercial | K66: 122 | L66: AM1 - C 1 | P66: =IFERROR(CONCATENATE(A66," - ",Q66),"") -> Onda 5 - 25 | Q66: =IFERROR(CONCATENATE(IF(OR(E66=1,E66=2),CONCAT("DOCA ",E66),E66)),"") -> 25 | R66: =C66 -> B5_AM1 | S66: =D66 -> AM1_94 | T66: =A66:A511 -> Onda 5
A67: Onda 5 | B67: 503162207001 | C67: B10_AM1 | D67: AM1_92 | E67: 26 | F67: Hawk Transportes | G67: SDDQXC7E02 | H67: Utilitários SDD | J67: Comercial | K67: 59 | L67: AM1 - C 1 | P67: =IFERROR(CONCATENATE(A67," - ",Q67),"") -> Onda 5 - 26 | Q67: =IFERROR(CONCATENATE(IF(OR(E67=1,E67=2),CONCAT("DOCA ",E67),E67)),"") -> 26 | R67: =C67 -> B10_AM1 | S67: =D67 -> AM1_92 | T67: =A67:A512 -> Onda 5
A68: Onda 5 | B68: 503162207006 | C68: B7_AM1 | D68: AM1_97 | E68: 27 | F68: PARCEIRO SPOT SOLUCOES | G68: TBK4I46 | H68: Utilitário Arval 2025 | J68: Comercial | K68: 113 | L68: AM1 - C 1 | P68: =IFERROR(CONCATENATE(A68," - ",Q68),"") -> Onda 5 - 27 | Q68: =IFERROR(CONCATENATE(IF(OR(E68=1,E68=2),CONCAT("DOCA ",E68),E68)),"") -> 27 | R68: =C68 -> B7_AM1 | S68: =D68 -> AM1_97 | T68: =A68:A513 -> Onda 5
A69: Onda 5 | B69: 503162367004 | C69: C7_AM1 | D69: AM1_105 | E69: 28 | F69: RodaCoop | G69: RVL9D89 | H69: Utilitários | I69: ME Extra | J69: Comercial | K69: 105 | L69: AM1 - C 5 | P69: =IFERROR(CONCATENATE(A69," - ",Q69),"") -> Onda 5 - 28 | Q69: =IFERROR(CONCATENATE(IF(OR(E69=1,E69=2),CONCAT("DOCA ",E69),E69)),"") -> 28 | R69: =C69 -> C7_AM1 | S69: =D69 -> AM1_105 | T69: =A69:A514 -> Onda 5
A70: Onda 5 | B70: 503162207010 | C70: D4_AM1 | D70: AM1_101 | E70: 29 | F70: A L C TRANSPORTES | G70: RTL5H43 | H70: Utilitários | J70: Comercial | K70: 99 | L70: AM1 - C 1 | P70: =IFERROR(CONCATENATE(A70," - ",Q70),"") -> Onda 5 - 29 | Q70: =IFERROR(CONCATENATE(IF(OR(E70=1,E70=2),CONCAT("DOCA ",E70),E70)),"") -> 29 | R70: =C70 -> D4_AM1 | S70: =D70 -> AM1_101 | T70: =A70:A515 -> Onda 5
A71: Onda 5 | B71: 503162207002 | C71: D6_AM1 | D71: AM1_93 | E71: 30 | F71: A L C TRANSPORTES | G71: SDDOQU3F22 | H71: Utilitários SDD | J71: Comercial | K71: 83 | L71: AM1 - C 1 | P71: =IFERROR(CONCATENATE(A71," - ",Q71),"") -> Onda 5 - 30 | Q71: =IFERROR(CONCATENATE(IF(OR(E71=1,E71=2),CONCAT("DOCA ",E71),E71)),"") -> 30 | R71: =C71 -> D6_AM1 | S71: =D71 -> AM1_93 | T71: =A71:A516 -> Onda 5
A72: Onda 6 | B72: 503162052010 | C72: VM10_AM1 | D72: AM1_13 | E72: 1 | F72: PARCEIRO SPOT SOLUCOES | G72: TEI0I38 | H72: Vuc Vamos 2025 | J72: Comercial | K72: 105 | L72: AM1 - C 6 | P72: =IFERROR(CONCATENATE(A72," - ",Q72),"") -> Onda 6 - DOCA 1 | Q72: =IFERROR(CONCATENATE(IF(OR(E72=1,E72=2),CONCAT("DOCA ",E72),E72)),"") -> DOCA 1 | R72: =C72 -> VM10_AM1 | S72: =D72 -> AM1_13 | T72: =A72:A517 -> Onda 6
A73: Onda 6 | B73: 503162209006 | C73: VM11_AM1 | D73: AM1_20 | E73: 2 | F73: PARCEIRO SPOT SOLUCOES | G73: TEN6A80 | H73: Vuc Vamos 2025 | K73: 56 | L73: AM1 - C 8 | P73: =IFERROR(CONCATENATE(A73," - ",Q73),"") -> Onda 6 - DOCA 2 | Q73: =IFERROR(CONCATENATE(IF(OR(E73=1,E73=2),CONCAT("DOCA ",E73),E73)),"") -> DOCA 2 | R73: =C73 -> VM11_AM1 | S73: =D73 -> AM1_20 | T73: =A73:A518 -> Onda 6
A74: Onda 6 | B74: 503162207005 | C74: VN2_AM1 | D74: AM1_96 | E74: 9 | F74: PARCEIRO SPOT SOLUCOES | G74: TEN6A98 | H74: Vuc Vamos 2025 | J74: Comercial | K74: 100 | L74: AM1 - C 1 | P74: =IFERROR(CONCATENATE(A74," - ",Q74),"") -> Onda 6 - 9 | Q74: =IFERROR(CONCATENATE(IF(OR(E74=1,E74=2),CONCAT("DOCA ",E74),E74)),"") -> 9 | R74: =C74 -> VN2_AM1 | S74: =D74 -> AM1_96 | T74: =A74:A519 -> Onda 6
A75: Onda 6 | B75: 503162209007 | C75: H1_AM1 | D75: AM1_21 | E75: 10 | F75: Hawk Transportes | G75: SDDRFH2A65 | H75: Utilitários | J75: Comercial | K75: 160 | L75: AM1 - C 8 | P75: =IFERROR(CONCATENATE(A75," - ",Q75),"") -> Onda 6 - 10 | Q75: =IFERROR(CONCATENATE(IF(OR(E75=1,E75=2),CONCAT("DOCA ",E75),E75)),"") -> 10 | R75: =C75 -> H1_AM1 | S75: =D75 -> AM1_21 | T75: =A75:A520 -> Onda 6
A76: Onda 6 | B76: 503162210012 | C76: H6_AM1 | D76: AM1_48 | E76: 11 | F76: Hawk Transportes | G76: SDDQOL2E48 | H76: Rental Utilitário com Ajudante | J76: Comercial | K76: 127 | L76: AM1 - C 3 | P76: =IFERROR(CONCATENATE(A76," - ",Q76),"") -> Onda 6 - 11 | Q76: =IFERROR(CONCATENATE(IF(OR(E76=1,E76=2),CONCAT("DOCA ",E76),E76)),"") -> 11 | R76: =C76 -> H6_AM1 | S76: =D76 -> AM1_48 | T76: =A76:A521 -> Onda 6
A77: Onda 6 | B77: 503162094001 | C77: G1_AM1 | D77: AM1_1 | E77: 12 | F77: Hawk Transportes | G77: SDDTDX8J99 | H77: VUC Dedicado com Ajudante | I77: Híbrida | J77: Comercial | K77: 1415 | L77: AM1 - C 10 | P77: =IFERROR(CONCATENATE(A77," - ",Q77),"") -> Onda 6 - 12 | Q77: =IFERROR(CONCATENATE(IF(OR(E77=1,E77=2),CONCAT("DOCA ",E77),E77)),"") -> 12 | R77: =C77 -> G1_AM1 | S77: =D77 -> AM1_1 | T77: =A77:A522 -> Onda 6
A78: Onda 6 | B78: 503162210018 | C78: H9_AM1 | D78: AM1_54 | E78: 13 | F78: Hawk Transportes | G78: RFW5C75 | H78: Utilitários | J78: Comercial | K78: 112 | L78: AM1 - C 3 | P78: =IFERROR(CONCATENATE(A78," - ",Q78),"") -> Onda 6 - 13 | Q78: =IFERROR(CONCATENATE(IF(OR(E78=1,E78=2),CONCAT("DOCA ",E78),E78)),"") -> 13 | R78: =C78 -> H9_AM1 | S78: =D78 -> AM1_54 | T78: =A78:A523 -> Onda 6
A79: Onda 6 | B79: 503162210019 | C79: H12_AM1 | D79: AM1_55 | E79: 14 | F79: Hawk Transportes | G79: OWU6H05 | H79: Utilitários | K79: 44 | L79: AM1 - C 3 | P79: =IFERROR(CONCATENATE(A79," - ",Q79),"") -> Onda 6 - 14 | Q79: =IFERROR(CONCATENATE(IF(OR(E79=1,E79=2),CONCAT("DOCA ",E79),E79)),"") -> 14 | R79: =C79 -> H12_AM1 | S79: =D79 -> AM1_55 | T79: =A79:A524 -> Onda 6
A80: Onda 6 | B80: 503162367007 | C80: VN4_AM1 | D80: AM1_108 | E80: 15 | F80: PARCEIRO SPOT SOLUCOES | G80: TEV9B30 | H80: Vuc Vamos 2025 | J80: Comercial | K80: 263 | L80: AM1 - C 5 | P80: =IFERROR(CONCATENATE(A80," - ",Q80),"") -> Onda 6 - 15 | Q80: =IFERROR(CONCATENATE(IF(OR(E80=1,E80=2),CONCAT("DOCA ",E80),E80)),"") -> 15 | R80: =C80 -> VN4_AM1 | S80: =D80 -> AM1_108 | T80: =A80:A525 -> Onda 6
A81: Onda 6 | B81: 503162210017 | C81: H10_AM1 | D81: AM1_53 | E81: 16 | F81: A L C TRANSPORTES | G81: SDDPZY3991 | H81: Utilitários | J81: Comercial | K81: 111 | L81: AM1 - C 3 | P81: =IFERROR(CONCATENATE(A81," - ",Q81),"") -> Onda 6 - 16 | Q81: =IFERROR(CONCATENATE(IF(OR(E81=1,E81=2),CONCAT("DOCA ",E81),E81)),"") -> 16 | R81: =C81 -> H10_AM1 | S81: =D81 -> AM1_53 | T81: =A81:A526 -> Onda 6
A82: Onda 6 | B82: 503162209004 | C82: I2_AM1 | D82: AM1_18 | E82: 17 | F82: A L C TRANSPORTES | G82: SDDOPQ9A50 | H82: Utilitários SDD | K82: 130 | L82: AM1 - C 8 | P82: =IFERROR(CONCATENATE(A82," - ",Q82),"") -> Onda 6 - 17 | Q82: =IFERROR(CONCATENATE(IF(OR(E82=1,E82=2),CONCAT("DOCA ",E82),E82)),"") -> 17 | R82: =C82 -> I2_AM1 | S82: =D82 -> AM1_18 | T82: =A82:A527 -> Onda 6
A83: Onda 6 | B83: 503162367001 | C83: C2_AM1 | D83: AM1_102 | E83: 18 | F83: Envios Extra | G83: FCP3E23 | H83: Van | I83: ME Extra | J83: Comercial | K83: 159 | L83: AM1 - C 5 | P83: =IFERROR(CONCATENATE(A83," - ",Q83),"") -> Onda 6 - 18 | Q83: =IFERROR(CONCATENATE(IF(OR(E83=1,E83=2),CONCAT("DOCA ",E83),E83)),"") -> 18 | R83: =C83 -> C2_AM1 | S83: =D83 -> AM1_102 | T83: =A83:A528 -> Onda 6
A84: Onda 6 | B84: 503162210010 | C84: H7_AM1 | D84: AM1_46 | E84: 19 | F84: Kangu Logistics | G84: PYW6J54 | H84: Utilitario Fixo | J84: Comercial | K84: 125 | L84: AM1 - C 3 | P84: =IFERROR(CONCATENATE(A84," - ",Q84),"") -> Onda 6 - 19 | Q84: =IFERROR(CONCATENATE(IF(OR(E84=1,E84=2),CONCAT("DOCA ",E84),E84)),"") -> 19 | R84: =C84 -> H7_AM1 | S84: =D84 -> AM1_46 | T84: =A84:A529 -> Onda 6
A85: Onda 6 | B85: 503162210013 | C85: I6_AM1 | D85: AM1_49 | E85: 20 | F85: PARCEIRO SPOT SOLUCOES | G85: RVE2D91 | H85: Van Frota Fixa - Equipe dupla | J85: Comercial | K85: 116 | L85: AM1 - C 3 | P85: =IFERROR(CONCATENATE(A85," - ",Q85),"") -> Onda 6 - 20 | Q85: =IFERROR(CONCATENATE(IF(OR(E85=1,E85=2),CONCAT("DOCA ",E85),E85)),"") -> 20 | R85: =C85 -> I6_AM1 | S85: =D85 -> AM1_49 | T85: =A85:A530 -> Onda 6
A86: Onda 6 | B86: 503162209003 | C86: H4_AM1 | D86: AM1_17 | E86: 21 | F86: Hawk Transportes | G86: SDDHNB7J85 | H86: Utilitários SDD | J86: Comercial | K86: 128 | L86: AM1 - C 8 | P86: =IFERROR(CONCATENATE(A86," - ",Q86),"") -> Onda 6 - 21 | Q86: =IFERROR(CONCATENATE(IF(OR(E86=1,E86=2),CONCAT("DOCA ",E86),E86)),"") -> 21 | R86: =C86 -> H4_AM1 | S86: =D86 -> AM1_17 | T86: =A86:A531 -> Onda 6
A87: Onda 6 | B87: 503162210003 | C87: H2_AM1 | D87: AM1_39 | E87: 22 | F87: Hawk Transportes | G87: SDDQNF2355 | H87: Utilitários SDD | J87: Comercial | K87: 152 | L87: AM1 - C 3 | P87: =IFERROR(CONCATENATE(A87," - ",Q87),"") -> Onda 6 - 22 | Q87: =IFERROR(CONCATENATE(IF(OR(E87=1,E87=2),CONCAT("DOCA ",E87),E87)),"") -> 22 | R87: =C87 -> H2_AM1 | S87: =D87 -> AM1_39 | T87: =A87:A532 -> Onda 6
A88: Onda 6 | B88: 503162210005 | C88: I5_AM1 | D88: AM1_41 | E88: 23 | F88: Hawk Transportes | G88: SDDRFM6C39 | H88: Utilitários SDD | K88: 123 | L88: AM1 - C 3 | P88: =IFERROR(CONCATENATE(A88," - ",Q88),"") -> Onda 6 - 23 | Q88: =IFERROR(CONCATENATE(IF(OR(E88=1,E88=2),CONCAT("DOCA ",E88),E88)),"") -> 23 | R88: =C88 -> I5_AM1 | S88: =D88 -> AM1_41 | T88: =A88:A533 -> Onda 6
A89: Onda 6 | B89: 503162697001 | C89: C6_AM1 | D89: AM1_113 | E89: 24 | F89: Envios Extra | G89: PUE3138 | H89: Van | I89: ME Extra | J89: Comercial | K89: 121 | L89: AM1 - C 4 | P89: =IFERROR(CONCATENATE(A89," - ",Q89),"") -> Onda 6 - 24 | Q89: =IFERROR(CONCATENATE(IF(OR(E89=1,E89=2),CONCAT("DOCA ",E89),E89)),"") -> 24 | R89: =C89 -> C6_AM1 | S89: =D89 -> AM1_113 | T89: =A89:A534 -> Onda 6
A90: Onda 6 | B90: 503162210008 | C90: I4_AM1 | D90: AM1_44 | E90: 25 | F90: Kangu Logistics | G90: FNO3B80 | H90: Utilitario Fixo | J90: Comercial | K90: 125 | L90: AM1 - C 3 | P90: =IFERROR(CONCATENATE(A90," - ",Q90),"") -> Onda 6 - 25 | Q90: =IFERROR(CONCATENATE(IF(OR(E90=1,E90=2),CONCAT("DOCA ",E90),E90)),"") -> 25 | R90: =C90 -> I4_AM1 | S90: =D90 -> AM1_44 | T90: =A90:A535 -> Onda 6
A91: Onda 6 | B91: 503162210009 | C91: I7_AM1 | D91: AM1_45 | E91: 26 | F91: Kangu Logistics | G91: RTM5H47 | H91: Utilitario Fixo | K91: 116 | L91: AM1 - C 3 | P91: =IFERROR(CONCATENATE(A91," - ",Q91),"") -> Onda 6 - 26 | Q91: =IFERROR(CONCATENATE(IF(OR(E91=1,E91=2),CONCAT("DOCA ",E91),E91)),"") -> 26 | R91: =C91 -> I7_AM1 | S91: =D91 -> AM1_45 | T91: =A91:A536 -> Onda 6
A92: Onda 6 | B92: 503162210004 | C92: H3_AM1 | D92: AM1_40 | E92: 27 | F92: Kangu Logistics | G92: OQQ3D45 | H92: Utilitários SDD | J92: Comercial | K92: 137 | L92: AM1 - C 3 | P92: =IFERROR(CONCATENATE(A92," - ",Q92),"") -> Onda 6 - 27 | Q92: =IFERROR(CONCATENATE(IF(OR(E92=1,E92=2),CONCAT("DOCA ",E92),E92)),"") -> 27 | R92: =C92 -> H3_AM1 | S92: =D92 -> AM1_40 | T92: =A92:A537 -> Onda 6
A93: Onda 6 | B93: 503162210002 | C93: I9_AM1 | D93: AM1_38 | E93: 28 | F93: Kangu Logistics | G93: NCW7D31 | H93: Utilitários SDD | J93: Comercial | K93: 110 | L93: AM1 - C 3 | P93: =IFERROR(CONCATENATE(A93," - ",Q93),"") -> Onda 6 - 28 | Q93: =IFERROR(CONCATENATE(IF(OR(E93=1,E93=2),CONCAT("DOCA ",E93),E93)),"") -> 28 | R93: =C93 -> I9_AM1 | S93: =D93 -> AM1_38 | T93: =A93:A538 -> Onda 6
A94: Onda 6 | B94: 503162697014 | C94: VN5_AM1 | D94: AM1_126 | F94: PARCEIRO SPOT SOLUCOES | G94: PWT4473 | H94: Vuc | J94: Comercial | K94: 40 | L94: AM1 - C 4 | P94: =IFERROR(CONCATENATE(A94," - ",Q94),"") -> Onda 6 - | Q94: =IFERROR(CONCATENATE(IF(OR(E94=1,E94=2),CONCAT("DOCA ",E94),E94)),"") | R94: =C94 -> VN5_AM1 | S94: =D94 -> AM1_126 | T94: =A94:A539 -> Onda 6
O95: =IF(OR(E95=1,E95=2),CONCATENATE("DOCA ",E95),"") | P95: =IFERROR(CONCATENATE(A95," - ",Q95),"") -> - | Q95: =IFERROR(CONCATENATE(IF(OR(E95=1,E95=2),CONCAT("DOCA ",E95),E95)),"") | R95: =C95 | S95: =D95 | T95: =A95:A540
O96: =IF(OR(E96=1,E96=2),CONCATENATE("DOCA ",E96),"") | P96: =IFERROR(CONCATENATE(A96," - ",Q96),"") -> - | Q96: =IFERROR(CONCATENATE(IF(OR(E96=1,E96=2),CONCAT("DOCA ",E96),E96)),"") | R96: =C96 | S96: =D96 | T96: =A96:A541
O97: =IF(OR(E97=1,E97=2),CONCATENATE("DOCA ",E97),"") | P97: =IFERROR(CONCATENATE(A97," - ",Q97),"") -> - | Q97: =IFERROR(CONCATENATE(IF(OR(E97=1,E97=2),CONCAT("DOCA ",E97),E97)),"") | R97: =C97 | S97: =D97 | T97: =A97:A542
O98: =IF(OR(E98=1,E98=2),CONCATENATE("DOCA ",E98),"") | P98: =IFERROR(CONCATENATE(A98," - ",Q98),"") -> - | Q98: =IFERROR(CONCATENATE(IF(OR(E98=1,E98=2),CONCAT("DOCA ",E98),E98)),"") | R98: =C98 | S98: =D98 | T98: =A98:A543
O99: =IF(OR(E99=1,E99=2),CONCATENATE("DOCA ",E99),"") | P99: =IFERROR(CONCATENATE(A99," - ",Q99),"") -> - | Q99: =IFERROR(CONCATENATE(IF(OR(E99=1,E99=2),CONCAT("DOCA ",E99),E99)),"") | R99: =C99 | S99: =D99 | T99: =A99:A544
O100: =IF(OR(E100=1,E100=2),CONCATENATE("DOCA ",E100),"") | P100: =IFERROR(CONCATENATE(A100," - ",Q100),"") -> - | Q100: =IFERROR(CONCATENATE(IF(OR(E100=1,E100=2),CONCAT("DOCA ",E100),E100)),"") | R100: =C100 | S100: =D100 | T100: =A100:A545
...

Sheet Filipeta
A1: =TODAY() -> 46265 | E1: FILIPETA DE CARREGAMENTO | I1: FILIPETA DE CARREGAMENTO | N1: FILIPETA DE CARREGAMENTO | R1: FILIPETA DE CARREGAMENTO | V1: FILIPETA DE CARREGAMENTO | Z1: FILIPETA DE CARREGAMENTO | AD1: FILIPETA DE CARREGAMENTO
A2: VAGA | B2: NOME | C2: Suporte XPT | D2: P.S. | E2: 1ª ONDA | I2: 2ª ONDA | N2: 3ª ONDA | R2: 4ª ONDA | V2: 5ª ONDA | Z2: 6ª ONDA | AD2: 7ª ONDA
E3: Rota Expedição | F3: Rota Romaneio | G3: T | H3: Linha Branca | I3: Rota Expedição | J3: Rota Romaneio | K3: T | L3: Linha Branca | M3: VAGA | N3: Rota Expedição | O3: Rota Romaneio | P3: T | Q3: Linha Branca | R3: Rota Expedição | S3: Rota Romaneio | T3: T | U3: Linha Branca | V3: Rota Expedição | W3: Rota Romaneio | X3: T | Y3: Linha Branca | Z3: Rota Expedição | AA3: Rota Romaneio | AB3: T | AC3: Linha Branca | AD3: Rota Expedição | AE3: Rota Romaneio | AF3: T | AG3: Linha Branca
A4: YMS-S | E4: - | F4: - | G4: - | I4: - | J4: - | K4: - | N4: - | O4: - | P4: - | R4: - | S4: - | T4: - | V4: - | W4: - | X4: - | Z4: - | AA4: - | AB4: - | AD4: - | AE4: - | AF4: - | AG4: -
A5: YMS-E | E5: - | F5: - | G5: - | I5: - | J5: - | K5: - | N5: - | O5: - | P5: - | R5: - | S5: - | T5: - | V5: - | W5: - | X5: - | Z5: - | AA5: - | AB5: - | AD5: - | AE5: - | AF5: - | AG5: -
A6: PÓS SORTING
A7: DOCA 1 | E7: =IFERROR(VLOOKUP(CONCATENATE("Onda 1"," - ",A7),'Dist expedição'!P:S,3,0),"") | F7: =IFERROR(VLOOKUP(E7,'Dist expedição'!$C:$E,2,0),"") | G7: =IFERROR(VLOOKUP(E7,'Dist expedição'!$C:$F,4,0),"") | H7: =IF(E7="", "", IF(ISNUMBER(MATCH(SUBSTITUTE(E7, "_AM1", ""), 'Resumo Mapa'!A:A, 0)), "✅", "❌")) | I7: =IFERROR(VLOOKUP(CONCATENATE("Onda 2"," - ",A7),'Dist expedição'!P:S,3,0),"") | J7: =IFERROR(VLOOKUP(I7,'Dist expedição'!$C:$E,2,0),"") | K7: =IFERROR(VLOOKUP(I7,'Dist expedição'!$C:$F,4,0),"") | L7: =IF(I7="", "", IF(ISNUMBER(MATCH(SUBSTITUTE(I7, "_AM1", ""), 'Resumo Mapa'!A:A, 0)), "✅", "❌")) | M7: DOCA 1 | N7: =IFERROR(VLOOKUP(CONCATENATE("Onda 3"," - ",A7),'Dist expedição'!P:S,3,0),"") -> VM9_AM1 | O7: =IFERROR(VLOOKUP(N7,'Dist expedição'!$C:$E,2,0),"") -> AM1_52 | P7: =IFERROR(VLOOKUP(N7,'Dist expedição'!$C:$F,4,0),"") -> PARCEIRO SPOT SOLUCOES | Q7: =IF(N7="", "", IF(ISNUMBER(MATCH(SUBSTITUTE(N7, "_AM1", ""), 'Resumo Mapa'!A:A, 0)), "✅", "❌")) -> ✅ | R7: =IFERROR(VLOOKUP(CONCATENATE("Onda 4"," - ",A7),'Dist expedição'!P:S,3,0),"") -> VM8_AM1 | S7: =IFERROR(VLOOKUP(R7,'Dist expedição'!$C:$E,2,0),"") -> AM1_63 | T7: =IFERROR(VLOOKUP(R7,'Dist expedição'!$C:$F,4,0),"") -> PARCEIRO SPOT SOLUCOES | U7: =IF(R7="", "", IF(ISNUMBER(MATCH(SUBSTITUTE(R7, "_AM1", ""), 'Resumo Mapa'!A:A, 0)), "✅", "❌")) -> ✅ | V7: =IFERROR(VLOOKUP(CONCATENATE("Onda 5"," - ",A7),'Dist expedição'!P:S,3,0),"") | W7: =IFERROR(VLOOKUP(V7,'Dist expedição'!$C:$E,2,0),"") | X7: =IFERROR(VLOOKUP(V7,'Dist expedição'!$C:$F,4,0),"") | Y7: =IF(V7="", "", IF(ISNUMBER(MATCH(SUBSTITUTE(V7, "_AM1", ""), 'Resumo Mapa'!A:A, 0)), "✅", "❌")) | Z7: =IFERROR(VLOOKUP(CONCATENATE("Onda 6"," - ",A7),'Dist expedição'!P:S,3,0),"") -> VM10_AM1 | AA7: =IFERROR(VLOOKUP(Z7,'Dist expedição'!$C:$E,2,0),"") -> AM1_13 | AB7: =IFERROR(VLOOKUP(Z7,'Dist expedição'!$C:$F,4,0),"") -> PARCEIRO SPOT SOLUCOES | AC7: =IF(Z7="", "", IF(ISNUMBER(MATCH(SUBSTITUTE(Z7, "_AM1", ""), 'Resumo Mapa'!A:A, 0)), "✅", "❌")) -> ✅ | AD7: =IFERROR(VLOOKUP(CONCATENATE("Onda 7"," - ",A7),'Dist expedição'!P:S,3,0),"") | AE7: =IFERROR(VLOOKUP(AD7,'Dist expedição'!$C:$E,2,0),"") | AF7: =IFERROR(VLOOKUP(AD7,'Dist expedição'!$C:$F,4,0),"") | AG7: =IF(AD7="", "", IF(ISNUMBER(MATCH(SUBSTITUTE(AD7, "_AM1", ""), 'Resumo Mapa'!A:A, 0)), "✅", "❌"))
A8: DOCA 2 | E8: =IFERROR(VLOOKUP(CONCATENATE("Onda 1"," - ",A8),'Dist expedição'!P:S,3,0),"") | F8: =IFERROR(VLOOKUP(E8,'Dist expedição'!$C:$E,2,0),"") | G8: =IFERROR(VLOOKUP(E8,'Dist expedição'!$C:$F,4,0),"") | H8: =IF(E8="", "", IF(ISNUMBER(MATCH(SUBSTITUTE(E8, "_AM1", ""), 'Resumo Mapa'!A:A, 0)), "✅", "❌")) | I8: =IFERROR(VLOOKUP(CONCATENATE("Onda 2"," - ",A8),'Dist expedição'!P:S,3,0),"") | J8: =IFERROR(VLOOKUP(I8,'Dist expedição'!$C:$E,2,0),"") | K8: =IFERROR(VLOOKUP(I8,'Dist expedição'!$C:$F,4,0),"") | L8: =IF(I8="", "", IF(ISNUMBER(MATCH(SUBSTITUTE(I8, "_AM1", ""), 'Resumo Mapa'!A:A, 0)), "✅", "❌")) | M8: DOCA 2 | N8: =IFERROR(VLOOKUP(CONCATENATE("Onda 3"," - ",A8),'Dist expedição'!P:S,3,0),"") -> VN7_AM1 | O8: =IFERROR(VLOOKUP(N8,'Dist expedição'!$C:$E,2,0),"") -> AM1_64 | P8: =IFERROR(VLOOKUP(N8,'Dist expedição'!$C:$F,4,0),"") -> PARCEIRO SPOT SOLUCOES | Q8: =IF(N8="", "", IF(ISNUMBER(MATCH(SUBSTITUTE(N8, "_AM1", ""), 'Resumo Mapa'!A:A, 0)), "✅", "❌")) -> ✅ | R8: =IFERROR(VLOOKUP(CONCATENATE("Onda 4"," - ",A8),'Dist expedição'!P:S,3,0),"") -> VN1_AM1 | S8: =IFERROR(VLOOKUP(R8,'Dist expedição'!$C:$E,2,0),"") -> AM1_62 | T8: =IFERROR(VLOOKUP(R8,'Dist expedição'!$C:$F,4,0),"") -> PARCEIRO SPOT SOLUCOES | U8: =IF(R8="", "", IF(ISNUMBER(MATCH(SUBSTITUTE(R8, "_AM1", ""), 'Resumo Mapa'!A:A, 0)), "✅", "❌")) -> ✅ | V8: =IFERROR(VLOOKUP(CONCATENATE("Onda 5"," - ",A8),'Dist expedição'!P:S,3,0),"") | W8: =IFERROR(VLOOKUP(V8,'Dist expedição'!$C:$E,2,0),"") | X8: =IFERROR(VLOOKUP(V8,'Dist expedição'!$C:$F,4,0),"") | Y8: =IF(V8="", "", IF(ISNUMBER(MATCH(SUBSTITUTE(V8, "_AM1", ""), 'Resumo Mapa'!A:A, 0)), "✅", "❌")) | Z8: =IFERROR(VLOOKUP(CONCATENATE("Onda 6"," - ",A8),'Dist expedição'!P:S,3,0),"") -> VM11_AM1 | AA8: =IFERROR(VLOOKUP(Z8,'Dist expedição'!$C:$E,2,0),"") -> AM1_20 | AB8: =IFERROR(VLOOKUP(Z8,'Dist expedição'!$C:$F,4,0),"") -> PARCEIRO SPOT SOLUCOES | AC8: =IF(Z8="", "", IF(ISNUMBER(MATCH(SUBSTITUTE(Z8, "_AM1", ""), 'Resumo Mapa'!A:A, 0)), "✅", "❌")) -> ✅ | AD8: =IFERROR(VLOOKUP(CONCATENATE("Onda 7"," - ",A8),'Dist expedição'!P:S,3,0),"") | AE8: =IFERROR(VLOOKUP(AD8,'Dist expedição'!$C:$E,2,0),"") | AF8: =IFERROR(VLOOKUP(AD8,'Dist expedição'!$C:$F,4,0),"") | AG8: =IF(AD8="", "", IF(ISNUMBER(MATCH(SUBSTITUTE(AD8, "_AM1", ""), 'Resumo Mapa'!A:A, 0)), "✅", "❌"))
A9: 1 | E9: =IFERROR(VLOOKUP(CONCATENATE("Onda 1"," - ",A9),'Dist expedição'!P:S,3,0),"") | F9: =IFERROR(VLOOKUP(E9,'Dist expedição'!$C:$E,2,0),"") | G9: =IFERROR(VLOOKUP(E9,'Dist expedição'!$C:$F,4,0),"") | H9: =IF(E9="", "", IF(ISNUMBER(MATCH(SUBSTITUTE(E9, "_AM1", ""), 'Resumo Mapa'!A:A, 0)), "✅", "❌")) | I9: =IFERROR(VLOOKUP(CONCATENATE("Onda 2"," - ",A9),'Dist expedição'!P:S,3,0),"") | J9: =IFERROR(VLOOKUP(I9,'Dist expedição'!$C:$E,2,0),"") | K9: =IFERROR(VLOOKUP(I9,'Dist expedição'!$C:$F,4,0),"") | L9: =IF(I9="", "", IF(ISNUMBER(MATCH(SUBSTITUTE(I9, "_AM1", ""), 'Resumo Mapa'!A:A, 0)), "✅", "❌")) | M9: 1 | N9: =IFERROR(VLOOKUP(CONCATENATE("Onda 3"," - ",A9),'Dist expedição'!P:S,3,0),"") | O9: =IFERROR(VLOOKUP(N9,'Dist expedição'!$C:$E,2,0),"") | P9: =IFERROR(VLOOKUP(N9,'Dist expedição'!$C:$F,4,0),"") | Q9: =IF(N9="", "", IF(ISNUMBER(MATCH(SUBSTITUTE(N9, "_AM1", ""), 'Resumo Mapa'!A:A, 0)), "✅", "❌")) | R9: =IFERROR(VLOOKUP(CONCATENATE("Onda 4"," - ",A9),'Dist expedição'!P:S,3,0),"") | S9: =IFERROR(VLOOKUP(R9,'Dist expedição'!$C:$E,2,0),"") | T9: =IFERROR(VLOOKUP(R9,'Dist expedição'!$C:$F,4,0),"") | U9: =IF(R9="", "", IF(ISNUMBER(MATCH(SUBSTITUTE(R9, "_AM1", ""), 'Resumo Mapa'!A:A, 0)), "✅", "❌")) | V9: =IFERROR(VLOOKUP(CONCATENATE("Onda 5"," - ",A9),'Dist expedição'!P:S,3,0),"") | W9: =IFERROR(VLOOKUP(V9,'Dist expedição'!$C:$E,2,0),"") | X9: =IFERROR(VLOOKUP(V9,'Dist expedição'!$C:$F,4,0),"") | Y9: =IF(V9="", "", IF(ISNUMBER(MATCH(SUBSTITUTE(V9, "_AM1", ""), 'Resumo Mapa'!A:A, 0)), "✅", "❌")) | Z9: =IFERROR(VLOOKUP(CONCATENATE("Onda 6"," - ",A9),'Dist expedição'!P:S,3,0),"") | AA9: =IFERROR(VLOOKUP(Z9,'Dist expedição'!$C:$E,2,0),"") | AB9: =IFERROR(VLOOKUP(Z9,'Dist expedição'!$C:$F,4,0),"") | AC9: =IF(Z9="", "", IF(ISNUMBER(MATCH(SUBSTITUTE(Z9, "_AM1", ""), 'Resumo Mapa'!A:A, 0)), "✅", "❌")) | AD9: =IFERROR(VLOOKUP(CONCATENATE("Onda 7"," - ",A9),'Dist expedição'!P:S,3,0),"") | AE9: =IFERROR(VLOOKUP(AD9,'Dist expedição'!$C:$E,2,0),"") | AF9: =IFERROR(VLOOKUP(AD9,'Dist expedição'!$C:$F,4,0),"") | AG9: =IF(AD9="", "", IF(ISNUMBER(MATCH(SUBSTITUTE(AD9, "_AM1", ""), 'Resumo Mapa'!A:A, 0)), "✅", "❌"))
A10: 2 | E10: =IFERROR(VLOOKUP(CONCATENATE("Onda 1"," - ",A10),'Dist expedição'!P:S,3,0),"") | F10: =IFERROR(VLOOKUP(E10,'Dist expedição'!$C:$E,2,0),"") | G10: =IFERROR(VLOOKUP(E10,'Dist expedição'!$C:$F,4,0),"") | H10: =IF(E10="", "", IF(ISNUMBER(MATCH(SUBSTITUTE(E10, "_AM1", ""), 'Resumo Mapa'!A:A, 0)), "✅", "❌")) | I10: =IFERROR(VLOOKUP(CONCATENATE("Onda 2"," - ",A10),'Dist expedição'!P:S,3,0),"") | J10: =IFERROR(VLOOKUP(I10,'Dist expedição'!$C:$E,2,0),"") | K10: =IFERROR(VLOOKUP(I10,'Dist expedição'!$C:$F,4,0),"") | L10: =IF(I10="", "", IF(ISNUMBER(MATCH(SUBSTITUTE(I10, "_AM1", ""), 'Resumo Mapa'!A:A, 0)), "✅", "❌")) | M10: 2 | N10: =IFERROR(VLOOKUP(CONCATENATE("Onda 3"," - ",A10),'Dist expedição'!P:S,3,0),"") | O10: =IFERROR(VLOOKUP(N10,'Dist expedição'!$C:$E,2,0),"") | P10: =IFERROR(VLOOKUP(N10,'Dist expedição'!$C:$F,4,0),"") | Q10: =IF(N10="", "", IF(ISNUMBER(MATCH(SUBSTITUTE(N10, "_AM1", ""), 'Resumo Mapa'!A:A, 0)), "✅", "❌")) | R10: =IFERROR(VLOOKUP(CONCATENATE("Onda 4"," - ",A10),'Dist expedição'!P:S,3,0),"") | S10: =IFERROR(VLOOKUP(R10,'Dist expedição'!$C:$E,2,0),"") | T10: =IFERROR(VLOOKUP(R10,'Dist expedição'!$C:$F,4,0),"") | U10: =IF(R10="", "", IF(ISNUMBER(MATCH(SUBSTITUTE(R10, "_AM1", ""), 'Resumo Mapa'!A:A, 0)), "✅", "❌")) | V10: =IFERROR(VLOOKUP(CONCATENATE("Onda 5"," - ",A10),'Dist expedição'!P:S,3,0),"") | W10: =IFERROR(VLOOKUP(V10,'Dist expedição'!$C:$E,2,0),"") | X10: =IFERROR(VLOOKUP(V10,'Dist expedição'!$C:$F,4,0),"") | Y10: =IF(V10="", "", IF(ISNUMBER(MATCH(SUBSTITUTE(V10, "_AM1", ""), 'Resumo Mapa'!A:A, 0)), "✅", "❌")) | Z10: =IFERROR(VLOOKUP(CONCATENATE("Onda 6"," - ",A10),'Dist expedição'!P:S,3,0),"") | AA10: =IFERROR(VLOOKUP(Z10,'Dist expedição'!$C:$E,2,0),"") | AB10: =IFERROR(VLOOKUP(Z10,'Dist expedição'!$C:$F,4,0),"") | AC10: =IF(Z10="", "", IF(ISNUMBER(MATCH(SUBSTITUTE(Z10, "_AM1", ""), 'Resumo Mapa'!A:A, 0)), "✅", "❌")) | AD10: =IFERROR(VLOOKUP(CONCATENATE("Onda 7"," - ",A10),'Dist expedição'!P:S,3,0),"") | AE10: =IFERROR(VLOOKUP(AD10,'Dist expedição'!$C:$E,2,0),"") | AF10: =IFERROR(VLOOKUP(AD10,'Dist expedição'!$C:$F,4,0),"") | AG10: =IF(AD10="", "", IF(ISNUMBER(MATCH(SUBSTITUTE(AD10, "_AM1", ""), 'Resumo Mapa'!A:A, 0)), "✅", "❌"))
A11: 3 | E11: =IFERROR(VLOOKUP(CONCATENATE("Onda 1"," - ",A11),'Dist expedição'!P:S,3,0),"") | F11: =IFERROR(VLOOKUP(E11,'Dist expedição'!$C:$E,2,0),"") | G11: =IFERROR(VLOOKUP(E11,'Dist expedição'!$C:$F,4,0),"") | H11: =IF(E11="", "", IF(ISNUMBER(MATCH(SUBSTITUTE(E11, "_AM1", ""), 'Resumo Mapa'!A:A, 0)), "✅", "❌")) | I11: =IFERROR(VLOOKUP(CONCATENATE("Onda 2"," - ",A11),'Dist expedição'!P:S,3,0),"") | J11: =IFERROR(VLOOKUP(I11,'Dist expedição'!$C:$E,2,0),"") | K11: =IFERROR(VLOOKUP(I11,'Dist expedição'!$C:$F,4,0),"") | L11: =IF(I11="", "", IF(ISNUMBER(MATCH(SUBSTITUTE(I11, "_AM1", ""), 'Resumo Mapa'!A:A, 0)), "✅", "❌")) | M11: 3 | N11: =IFERROR(VLOOKUP(CONCATENATE("Onda 3"," - ",A11),'Dist expedição'!P:S,3,0),"") | O11: =IFERROR(VLOOKUP(N11,'Dist expedição'!$C:$E,2,0),"") | P11: =IFERROR(VLOOKUP(N11,'Dist expedição'!$C:$F,4,0),"") | Q11: =IF(N11="", "", IF(ISNUMBER(MATCH(SUBSTITUTE(N11, "_AM1", ""), 'Resumo Mapa'!A:A, 0)), "✅", "❌")) | R11: =IFERROR(VLOOKUP(CONCATENATE("Onda 4"," - ",A11),'Dist expedição'!P:S,3,0),"") | S11: =IFERROR(VLOOKUP(R11,'Dist expedição'!$C:$E,2,0),"") | T11: =IFERROR(VLOOKUP(R11,'Dist expedição'!$C:$F,4,0),"") | U11: =IF(R11="", "", IF(ISNUMBER(MATCH(SUBSTITUTE(R11, "_AM1", ""), 'Resumo Mapa'!A:A, 0)), "✅", "❌")) | V11: =IFERROR(VLOOKUP(CONCATENATE("Onda 5"," - ",A11),'Dist expedição'!P:S,3,0),"") | W11: =IFERROR(VLOOKUP(V11,'Dist expedição'!$C:$E,2,0),"") | X11: =IFERROR(VLOOKUP(V11,'Dist expedição'!$C:$F,4,0),"") | Y11: =IF(V11="", "", IF(ISNUMBER(MATCH(SUBSTITUTE(V11, "_AM1", ""), 'Resumo Mapa'!A:A, 0)), "✅", "❌")) | Z11: =IFERROR(VLOOKUP(CONCATENATE("Onda 6"," - ",A11),'Dist expedição'!P:S,3,0),"") | AA11: =IFERROR(VLOOKUP(Z11,'Dist expedição'!$C:$E,2,0),"") | AB11: =IFERROR(VLOOKUP(Z11,'Dist expedição'!$C:$F,4,0),"") | AC11: =IF(Z11="", "", IF(ISNUMBER(MATCH(SUBSTITUTE(Z11, "_AM1", ""), 'Resumo Mapa'!A:A, 0)), "✅", "❌")) | AD11: =IFERROR(VLOOKUP(CONCATENATE("Onda 7"," - ",A11),'Dist expedição'!P:S,3,0),"") | AE11: =IFERROR(VLOOKUP(AD11,'Dist expedição'!$C:$E,2,0),"") | AF11: =IFERROR(VLOOKUP(AD11,'Dist expedição'!$C:$F,4,0),"") | AG11: =IF(AD11="", "", IF(ISNUMBER(MATCH(SUBSTITUTE(AD11, "_AM1", ""), 'Resumo Mapa'!A:A, 0)), "✅", "❌"))
A12: 4 | E12: =IFERROR(VLOOKUP(CONCATENATE("Onda 1"," - ",A12),'Dist expedição'!P:S,3,0),"") | F12: =IFERROR(VLOOKUP(E12,'Dist expedição'!$C:$E,2,0),"") | G12: =IFERROR(VLOOKUP(E12,'Dist expedição'!$C:$F,4,0),"") | H12: =IF(E12="", "", IF(ISNUMBER(MATCH(SUBSTITUTE(E12, "_AM1", ""), 'Resumo Mapa'!A:A, 0)), "✅", "❌")) | I12: =IFERROR(VLOOKUP(CONCATENATE("Onda 2"," - ",A12),'Dist expedição'!P:S,3,0),"") | J12: =IFERROR(VLOOKUP(I12,'Dist expedição'!$C:$E,2,0),"") | K12: =IFERROR(VLOOKUP(I12,'Dist expedição'!$C:$F,4,0),"") | L12: =IF(I12="", "", IF(ISNUMBER(MATCH(SUBSTITUTE(I12, "_AM1", ""), 'Resumo Mapa'!A:A, 0)), "✅", "❌")) | M12: 4 | N12: =IFERROR(VLOOKUP(CONCATENATE("Onda 3"," - ",A12),'Dist expedição'!P:S,3,0),"") | O12: =IFERROR(VLOOKUP(N12,'Dist expedição'!$C:$E,2,0),"") | P12: =IFERROR(VLOOKUP(N12,'Dist expedição'!$C:$F,4,0),"") | Q12: =IF(N12="", "", IF(ISNUMBER(MATCH(SUBSTITUTE(N12, "_AM1", ""), 'Resumo Mapa'!A:A, 0)), "✅", "❌")) | R12: =IFERROR(VLOOKUP(CONCATENATE("Onda 4"," - ",A12),'Dist expedição'!P:S,3,0),"") | S12: =IFERROR(VLOOKUP(R12,'Dist expedição'!$C:$E,2,0),"") | T12: =IFERROR(VLOOKUP(R12,'Dist expedição'!$C:$F,4,0),"") | U12: =IF(R12="", "", IF(ISNUMBER(MATCH(SUBSTITUTE(R12, "_AM1", ""), 'Resumo Mapa'!A:A, 0)), "✅", "❌")) | V12: =IFERROR(VLOOKUP(CONCATENATE("Onda 5"," - ",A12),'Dist expedição'!P:S,3,0),"") | W12: =IFERROR(VLOOKUP(V12,'Dist expedição'!$C:$E,2,0),"") | X12: =IFERROR(VLOOKUP(V12,'Dist expedição'!$C:$F,4,0),"") | Y12: =IF(V12="", "", IF(ISNUMBER(MATCH(SUBSTITUTE(V12, "_AM1", ""), 'Resumo Mapa'!A:A, 0)), "✅", "❌")) | Z12: =IFERROR(VLOOKUP(CONCATENATE("Onda 6"," - ",A12),'Dist expedição'!P:S,3,0),"") | AA12: =IFERROR(VLOOKUP(Z12,'Dist expedição'!$C:$E,2,0),"") | AB12: =IFERROR(VLOOKUP(Z12,'Dist expedição'!$C:$F,4,0),"") | AC12: =IF(Z12="", "", IF(ISNUMBER(MATCH(SUBSTITUTE(Z12, "_AM1", ""), 'Resumo Mapa'!A:A, 0)), "✅", "❌")) | AD12: =IFERROR(VLOOKUP(CONCATENATE("Onda 7"," - ",A12),'Dist expedição'!P:S,3,0),"") | AE12: =IFERROR(VLOOKUP(AD12,'Dist expedição'!$C:$E,2,0),"") | AF12: =IFERROR(VLOOKUP(AD12,'Dist expedição'!$C:$F,4,0),"") | AG12: =IF(AD12="", "", IF(ISNUMBER(MATCH(SUBSTITUTE(AD12, "_AM1", ""), 'Resumo Mapa'!A:A, 0)), "✅", "❌"))
A13: 5 | E13: =IFERROR(VLOOKUP(CONCATENATE("Onda 1"," - ",A13),'Dist expedição'!P:S,3,0),"") | F13: =IFERROR(VLOOKUP(E13,'Dist expedição'!$C:$E,2,0),"") | G13: =IFERROR(VLOOKUP(E13,'Dist expedição'!$C:$F,4,0),"") | H13: =IF(E13="", "", IF(ISNUMBER(MATCH(SUBSTITUTE(E13, "_AM1", ""), 'Resumo Mapa'!A:A, 0)), "✅", "❌")) | I13: =IFERROR(VLOOKUP(CONCATENATE("Onda 2"," - ",A13),'Dist expedição'!P:S,3,0),"") | J13: =IFERROR(VLOOKUP(I13,'Dist expedição'!$C:$E,2,0),"") | K13: =IFERROR(VLOOKUP(I13,'Dist expedição'!$C:$F,4,0),"") | L13: =IF(I13="", "", IF(ISNUMBER(MATCH(SUBSTITUTE(I13, "_AM1", ""), 'Resumo Mapa'!A:A, 0)), "✅", "❌")) | M13: 5 | N13: =IFERROR(VLOOKUP(CONCATENATE("Onda 3"," - ",A13),'Dist expedição'!P:S,3,0),"") | O13: =IFERROR(VLOOKUP(N13,'Dist expedição'!$C:$E,2,0),"") | P13: =IFERROR(VLOOKUP(N13,'Dist expedição'!$C:$F,4,0),"") | Q13: =IF(N13="", "", IF(ISNUMBER(MATCH(SUBSTITUTE(N13, "_AM1", ""), 'Resumo Mapa'!A:A, 0)), "✅", "❌")) | R13: =IFERROR(VLOOKUP(CONCATENATE("Onda 4"," - ",A13),'Dist expedição'!P:S,3,0),"") | S13: =IFERROR(VLOOKUP(R13,'Dist expedição'!$C:$E,2,0),"") | T13: =IFERROR(VLOOKUP(R13,'Dist expedição'!$C:$F,4,0),"") | U13: =IF(R13="", "", IF(ISNUMBER(MATCH(SUBSTITUTE(R13, "_AM1", ""), 'Resumo Mapa'!A:A, 0)), "✅", "❌")) | V13: =IFERROR(VLOOKUP(CONCATENATE("Onda 5"," - ",A13),'Dist expedição'!P:S,3,0),"") | W13: =IFERROR(VLOOKUP(V13,'Dist expedição'!$C:$E,2,0),"") | X13: =IFERROR(VLOOKUP(V13,'Dist expedição'!$C:$F,4,0),"") | Y13: =IF(V13="", "", IF(ISNUMBER(MATCH(SUBSTITUTE(V13, "_AM1", ""), 'Resumo Mapa'!A:A, 0)), "✅", "❌")) | Z13: =IFERROR(VLOOKUP(CONCATENATE("Onda 6"," - ",A13),'Dist expedição'!P:S,3,0),"") | AA13: =IFERROR(VLOOKUP(Z13,'Dist expedição'!$C:$E,2,0),"") | AB13: =IFERROR(VLOOKUP(Z13,'Dist expedição'!$C:$F,4,0),"") | AC13: =IF(Z13="", "", IF(ISNUMBER(MATCH(SUBSTITUTE(Z13, "_AM1", ""), 'Resumo Mapa'!A:A, 0)), "✅", "❌")) | AD13: =IFERROR(VLOOKUP(CONCATENATE("Onda 7"," - ",A13),'Dist expedição'!P:S,3,0),"") | AE13: =IFERROR(VLOOKUP(AD13,'Dist expedição'!$C:$E,2,0),"") | AF13: =IFERROR(VLOOKUP(AD13,'Dist expedição'!$C:$F,4,0),"") | AG13: =IF(AD13="", "", IF(ISNUMBER(MATCH(SUBSTITUTE(AD13, "_AM1", ""), 'Resumo Mapa'!A:A, 0)), "✅", "❌"))
A14: 6 | E14: =IFERROR(VLOOKUP(CONCATENATE("Onda 1"," - ",A14),'Dist expedição'!P:S,3,0),"") | F14: =IFERROR(VLOOKUP(E14,'Dist expedição'!$C:$E,2,0),"") | G14: =IFERROR(VLOOKUP(E14,'Dist expedição'!$C:$F,4,0),"") | H14: =IF(E14="", "", IF(ISNUMBER(MATCH(SUBSTITUTE(E14, "_AM1", ""), 'Resumo Mapa'!A:A, 0)), "✅", "❌")) | I14: =IFERROR(VLOOKUP(CONCATENATE("Onda 2"," - ",A14),'Dist expedição'!P:S,3,0),"") | J14: =IFERROR(VLOOKUP(I14,'Dist expedição'!$C:$E,2,0),"") | K14: =IFERROR(VLOOKUP(I14,'Dist expedição'!$C:$F,4,0),"") | L14: =IF(I14="", "", IF(ISNUMBER(MATCH(SUBSTITUTE(I14, "_AM1", ""), 'Resumo Mapa'!A:A, 0)), "✅", "❌")) | M14: 6 | N14: =IFERROR(VLOOKUP(CONCATENATE("Onda 3"," - ",A14),'Dist expedição'!P:S,3,0),"") | O14: =IFERROR(VLOOKUP(N14,'Dist expedição'!$C:$E,2,0),"") | P14: =IFERROR(VLOOKUP(N14,'Dist expedição'!$C:$F,4,0),"") | Q14: =IF(N14="", "", IF(ISNUMBER(MATCH(SUBSTITUTE(N14, "_AM1", ""), 'Resumo Mapa'!A:A, 0)), "✅", "❌")) | R14: =IFERROR(VLOOKUP(CONCATENATE("Onda 4"," - ",A14),'Dist expedição'!P:S,3,0),"") | S14: =IFERROR(VLOOKUP(R14,'Dist expedição'!$C:$E,2,0),"") | T14: =IFERROR(VLOOKUP(R14,'Dist expedição'!$C:$F,4,0),"") | U14: =IF(R14="", "", IF(ISNUMBER(MATCH(SUBSTITUTE(R14, "_AM1", ""), 'Resumo Mapa'!A:A, 0)), "✅", "❌")) | V14: =IFERROR(VLOOKUP(CONCATENATE("Onda 5"," - ",A14),'Dist expedição'!P:S,3,0),"") | W14: =IFERROR(VLOOKUP(V14,'Dist expedição'!$C:$E,2,0),"") | X14: =IFERROR(VLOOKUP(V14,'Dist expedição'!$C:$F,4,0),"") | Y14: =IF(V14="", "", IF(ISNUMBER(MATCH(SUBSTITUTE(V14, "_AM1", ""), 'Resumo Mapa'!A:A, 0)), "✅", "❌")) | Z14: =IFERROR(VLOOKUP(CONCATENATE("Onda 6"," - ",A14),'Dist expedição'!P:S,3,0),"") | AA14: =IFERROR(VLOOKUP(Z14,'Dist expedição'!$C:$E,2,0),"") | AB14: =IFERROR(VLOOKUP(Z14,'Dist expedição'!$C:$F,4,0),"") | AC14: =IF(Z14="", "", IF(ISNUMBER(MATCH(SUBSTITUTE(Z14, "_AM1", ""), 'Resumo Mapa'!A:A, 0)), "✅", "❌")) | AD14: =IFERROR(VLOOKUP(CONCATENATE("Onda 7"," - ",A14),'Dist expedição'!P:S,3,0),"") | AE14: =IFERROR(VLOOKUP(AD14,'Dist expedição'!$C:$E,2,0),"") | AF14: =IFERROR(VLOOKUP(AD14,'Dist expedição'!$C:$F,4,0),"") | AG14: =IF(AD14="", "", IF(ISNUMBER(MATCH(SUBSTITUTE(AD14, "_AM1", ""), 'Resumo Mapa'!A:A, 0)), "✅", "❌"))
A15: 7 | E15: =IFERROR(VLOOKUP(CONCATENATE("Onda 1"," - ",A15),'Dist expedição'!P:S,3,0),"") | F15: =IFERROR(VLOOKUP(E15,'Dist expedição'!$C:$E,2,0),"") | G15: =IFERROR(VLOOKUP(E15,'Dist expedição'!$C:$F,4,0),"") | H15: =IF(E15="", "", IF(ISNUMBER(MATCH(SUBSTITUTE(E15, "_AM1", ""), 'Resumo Mapa'!A:A, 0)), "✅", "❌")) | I15: =IFERROR(VLOOKUP(CONCATENATE("Onda 2"," - ",A15),'Dist expedição'!P:S,3,0),"") | J15: =IFERROR(VLOOKUP(I15,'Dist expedição'!$C:$E,2,0),"") | K15: =IFERROR(VLOOKUP(I15,'Dist expedição'!$C:$F,4,0),"") | L15: =IF(I15="", "", IF(ISNUMBER(MATCH(SUBSTITUTE(I15, "_AM1", ""), 'Resumo Mapa'!A:A, 0)), "✅", "❌")) | M15: 7 | N15: =IFERROR(VLOOKUP(CONCATENATE("Onda 3"," - ",A15),'Dist expedição'!P:S,3,0),"") | O15: =IFERROR(VLOOKUP(N15,'Dist expedição'!$C:$E,2,0),"") | P15: =IFERROR(VLOOKUP(N15,'Dist expedição'!$C:$F,4,0),"") | Q15: =IF(N15="", "", IF(ISNUMBER(MATCH(SUBSTITUTE(N15, "_AM1", ""), 'Resumo Mapa'!A:A, 0)), "✅", "❌")) | R15: =IFERROR(VLOOKUP(CONCATENATE("Onda 4"," - ",A15),'Dist expedição'!P:S,3,0),"") | S15: =IFERROR(VLOOKUP(R15,'Dist expedição'!$C:$E,2,0),"") | T15: =IFERROR(VLOOKUP(R15,'Dist expedição'!$C:$F,4,0),"") | U15: =IF(R15="", "", IF(ISNUMBER(MATCH(SUBSTITUTE(R15, "_AM1", ""), 'Resumo Mapa'!A:A, 0)), "✅", "❌")) | V15: =IFERROR(VLOOKUP(CONCATENATE("Onda 5"," - ",A15),'Dist expedição'!P:S,3,0),"") | W15: =IFERROR(VLOOKUP(V15,'Dist expedição'!$C:$E,2,0),"") | X15: =IFERROR(VLOOKUP(V15,'Dist expedição'!$C:$F,4,0),"") | Y15: =IF(V15="", "", IF(ISNUMBER(MATCH(SUBSTITUTE(V15, "_AM1", ""), 'Resumo Mapa'!A:A, 0)), "✅", "❌")) | Z15: =IFERROR(VLOOKUP(CONCATENATE("Onda 6"," - ",A15),'Dist expedição'!P:S,3,0),"") | AA15: =IFERROR(VLOOKUP(Z15,'Dist expedição'!$C:$E,2,0),"") | AB15: =IFERROR(VLOOKUP(Z15,'Dist expedição'!$C:$F,4,0),"") | AC15: =IF(Z15="", "", IF(ISNUMBER(MATCH(SUBSTITUTE(Z15, "_AM1", ""), 'Resumo Mapa'!A:A, 0)), "✅", "❌")) | AD15: =IFERROR(VLOOKUP(CONCATENATE("Onda 7"," - ",A15),'Dist expedição'!P:S,3,0),"") | AE15: =IFERROR(VLOOKUP(AD15,'Dist expedição'!$C:$E,2,0),"") | AF15: =IFERROR(VLOOKUP(AD15,'Dist expedição'!$C:$F,4,0),"") | AG15: =IF(AD15="", "", IF(ISNUMBER(MATCH(SUBSTITUTE(AD15, "_AM1", ""), 'Resumo Mapa'!A:A, 0)), "✅", "❌"))
A16: 8 | E16: =IFERROR(VLOOKUP(CONCATENATE("Onda 1"," - ",A16),'Dist expedição'!P:S,3,0),"") | F16: =IFERROR(VLOOKUP(E16,'Dist expedição'!$C:$E,2,0),"") | G16: =IFERROR(VLOOKUP(E16,'Dist expedição'!$C:$F,4,0),"") | H16: =IF(E16="", "", IF(ISNUMBER(MATCH(SUBSTITUTE(E16, "_AM1", ""), 'Resumo Mapa'!A:A, 0)), "✅", "❌")) | I16: =IFERROR(VLOOKUP(CONCATENATE("Onda 2"," - ",A16),'Dist expedição'!P:S,3,0),"") | J16: =IFERROR(VLOOKUP(I16,'Dist expedição'!$C:$E,2,0),"") | K16: =IFERROR(VLOOKUP(I16,'Dist expedição'!$C:$F,4,0),"") | L16: =IF(I16="", "", IF(ISNUMBER(MATCH(SUBSTITUTE(I16, "_AM1", ""), 'Resumo Mapa'!A:A, 0)), "✅", "❌")) | M16: 8 | N16: =IFERROR(VLOOKUP(CONCATENATE("Onda 3"," - ",A16),'Dist expedição'!P:S,3,0),"") | O16: =IFERROR(VLOOKUP(N16,'Dist expedição'!$C:$E,2,0),"") | P16: =IFERROR(VLOOKUP(N16,'Dist expedição'!$C:$F,4,0),"") | Q16: =IF(N16="", "", IF(ISNUMBER(MATCH(SUBSTITUTE(N16, "_AM1", ""), 'Resumo Mapa'!A:A, 0)), "✅", "❌")) | R16: =IFERROR(VLOOKUP(CONCATENATE("Onda 4"," - ",A16),'Dist expedição'!P:S,3,0),"") | S16: =IFERROR(VLOOKUP(R16,'Dist expedição'!$C:$E,2,0),"") | T16: =IFERROR(VLOOKUP(R16,'Dist expedição'!$C:$F,4,0),"") | U16: =IF(R16="", "", IF(ISNUMBER(MATCH(SUBSTITUTE(R16, "_AM1", ""), 'Resumo Mapa'!A:A, 0)), "✅", "❌")) | V16: =IFERROR(VLOOKUP(CONCATENATE("Onda 5"," - ",A16),'Dist expedição'!P:S,3,0),"") | W16: =IFERROR(VLOOKUP(V16,'Dist expedição'!$C:$E,2,0),"") | X16: =IFERROR(VLOOKUP(V16,'Dist expedição'!$C:$F,4,0),"") | Y16: =IF(V16="", "", IF(ISNUMBER(MATCH(SUBSTITUTE(V16, "_AM1", ""), 'Resumo Mapa'!A:A, 0)), "✅", "❌")) | Z16: =IFERROR(VLOOKUP(CONCATENATE("Onda 6"," - ",A16),'Dist expedição'!P:S,3,0),"") | AA16: =IFERROR(VLOOKUP(Z16,'Dist expedição'!$C:$E,2,0),"") | AB16: =IFERROR(VLOOKUP(Z16,'Dist expedição'!$C:$F,4,0),"") | AC16: =IF(Z16="", "", IF(ISNUMBER(MATCH(SUBSTITUTE(Z16, "_AM1", ""), 'Resumo Mapa'!A:A, 0)), "✅", "❌")) | AD16: =IFERROR(VLOOKUP(CONCATENATE("Onda 7"," - ",A16),'Dist expedição'!P:S,3,0),"") | AE16: =IFERROR(VLOOKUP(AD16,'Dist expedição'!$C:$E,2,0),"") | AF16: =IFERROR(VLOOKUP(AD16,'Dist expedição'!$C:$F,4,0),"") | AG16: =IF(AD16="", "", IF(ISNUMBER(MATCH(SUBSTITUTE(AD16, "_AM1", ""), 'Resumo Mapa'!A:A, 0)), "✅", "❌"))
A17: 9 | B17: DOUGLAS | C17: ALFREDO (D) | D17: BARBARA | E17: =IFERROR(VLOOKUP(CONCATENATE("Onda 1"," - ",A17),'Dist expedição'!P:S,3,0),"") | F17: =IFERROR(VLOOKUP(E17,'Dist expedição'!$C:$E,2,0),"") | G17: =IFERROR(VLOOKUP(E17,'Dist expedição'!$C:$F,4,0),"") | H17: =IF(E17="", "", IF(ISNUMBER(MATCH(SUBSTITUTE(E17, "_AM1", ""), 'Resumo Mapa'!A:A, 0)), "✅", "❌")) | I17: =IFERROR(VLOOKUP(CONCATENATE("Onda 2"," - ",A17),'Dist expedição'!P:S,3,0),"") | J17: =IFERROR(VLOOKUP(I17,'Dist expedição'!$C:$E,2,0),"") | K17: =IFERROR(VLOOKUP(I17,'Dist expedição'!$C:$F,4,0),"") | L17: =IF(I17="", "", IF(ISNUMBER(MATCH(SUBSTITUTE(I17, "_AM1", ""), 'Resumo Mapa'!A:A, 0)), "✅", "❌")) | M17: 9 | N17: =IFERROR(VLOOKUP(CONCATENATE("Onda 3"," - ",A17),'Dist expedição'!P:S,3,0),"") -> Q11_AM1 | O17: =IFERROR(VLOOKUP(N17,'Dist expedição'!$C:$E,2,0),"") -> AM1_118 | P17: =IFERROR(VLOOKUP(N17,'Dist expedição'!$C:$F,4,0),"") -> PARCEIRO SPOT SOLUCOES | Q17: =IF(N17="", "", IF(ISNUMBER(MATCH(SUBSTITUTE(N17, "_AM1", ""), 'Resumo Mapa'!A:A, 0)), "✅", "❌")) -> ❌ | R17: =IFERROR(VLOOKUP(CONCATENATE("Onda 4"," - ",A17),'Dist expedição'!P:S,3,0),"") -> A7_AM1 | S17: =IFERROR(VLOOKUP(R17,'Dist expedição'!$C:$E,2,0),"") -> AM1_116 | T17: =IFERROR(VLOOKUP(R17,'Dist expedição'!$C:$F,4,0),"") -> PARCEIRO SPOT SOLUCOES | U17: =IF(R17="", "", IF(ISNUMBER(MATCH(SUBSTITUTE(R17, "_AM1", ""), 'Resumo Mapa'!A:A, 0)), "✅", "❌")) -> ❌ | V17: =IFERROR(VLOOKUP(CONCATENATE("Onda 5"," - ",A17),'Dist expedição'!P:S,3,0),"") -> D3_AM1 | W17: =IFERROR(VLOOKUP(V17,'Dist expedição'!$C:$E,2,0),"") -> AM1_51 | X17: =IFERROR(VLOOKUP(V17,'Dist expedição'!$C:$F,4,0),"") -> PARCEIRO SPOT SOLUCOES | Y17: =IF(V17="", "", IF(ISNUMBER(MATCH(SUBSTITUTE(V17, "_AM1", ""), 'Resumo Mapa'!A:A, 0)), "✅", "❌")) -> ❌ | Z17: =IFERROR(VLOOKUP(CONCATENATE("Onda 6"," - ",A17),'Dist expedição'!P:S,3,0),"") -> VN2_AM1 | AA17: =IFERROR(VLOOKUP(Z17,'Dist expedição'!$C:$E,2,0),"") -> AM1_96 | AB17: =IFERROR(VLOOKUP(Z17,'Dist expedição'!$C:$F,4,0),"") -> PARCEIRO SPOT SOLUCOES | AC17: =IF(Z17="", "", IF(ISNUMBER(MATCH(SUBSTITUTE(Z17, "_AM1", ""), 'Resumo Mapa'!A:A, 0)), "✅", "❌")) -> ✅ | AD17: =IFERROR(VLOOKUP(CONCATENATE("Onda 7"," - ",A17),'Dist expedição'!P:S,3,0),"") | AE17: =IFERROR(VLOOKUP(AD17,'Dist expedição'!$C:$E,2,0),"") | AF17: =IFERROR(VLOOKUP(AD17,'Dist expedição'!$C:$F,4,0),"") | AG17: =IF(AD17="", "", IF(ISNUMBER(MATCH(SUBSTITUTE(AD17, "_AM1", ""), 'Resumo Mapa'!A:A, 0)), "✅", "❌"))
A18: 10 | B18: FABIANA (D) | C18: ALFREDO (D) | D18: BARBARA | E18: =IFERROR(VLOOKUP(CONCATENATE("Onda 1"," - ",A18),'Dist expedição'!P:S,3,0),"") | F18: =IFERROR(VLOOKUP(E18,'Dist expedição'!$C:$E,2,0),"") | G18: =IFERROR(VLOOKUP(E18,'Dist expedição'!$C:$F,4,0),"") | H18: =IF(E18="", "", IF(ISNUMBER(MATCH(SUBSTITUTE(E18, "_AM1", ""), 'Resumo Mapa'!A:A, 0)), "✅", "❌")) | I18: =IFERROR(VLOOKUP(CONCATENATE("Onda 2"," - ",A18),'Dist expedição'!P:S,3,0),"") | J18: =IFERROR(VLOOKUP(I18,'Dist expedição'!$C:$E,2,0),"") | K18: =IFERROR(VLOOKUP(I18,'Dist expedição'!$C:$F,4,0),"") | L18: =IF(I18="", "", IF(ISNUMBER(MATCH(SUBSTITUTE(I18, "_AM1", ""), 'Resumo Mapa'!A:A, 0)), "✅", "❌")) | M18: 10 | N18: =IFERROR(VLOOKUP(CONCATENATE("Onda 3"," - ",A18),'Dist expedição'!P:S,3,0),"") -> P11_AM1 | O18: =IFERROR(VLOOKUP(N18,'Dist expedição'!$C:$E,2,0),"") -> AM1_56 | P18: =IFERROR(VLOOKUP(N18,'Dist expedição'!$C:$F,4,0),"") -> RodaCoop | Q18: =IF(N18="", "", IF(ISNUMBER(MATCH(SUBSTITUTE(N18, "_AM1", ""), 'Resumo Mapa'!A:A, 0)), "✅", "❌")) -> ❌ | R18: =IFERROR(VLOOKUP(CONCATENATE("Onda 4"," - ",A18),'Dist expedição'!P:S,3,0),"") -> Q3_AM1 | S18: =IFERROR(VLOOKUP(R18,'Dist expedição'!$C:$E,2,0),"") -> AM1_68 | T18: =IFERROR(VLOOKUP(R18,'Dist expedição'!$C:$F,4,0),"") -> Hawk Transportes | U18: =IF(R18="", "", IF(ISNUMBER(MATCH(SUBSTITUTE(R18, "_AM1", ""), 'Resumo Mapa'!A:A, 0)), "✅", "❌")) -> ❌ | V18: =IFERROR(VLOOKUP(CONCATENATE("Onda 5"," - ",A18),'Dist expedição'!P:S,3,0),"") -> D2_AM1 | W18: =IFERROR(VLOOKUP(V18,'Dist expedição'!$C:$E,2,0),"") -> AM1_47 | X18: =IFERROR(VLOOKUP(V18,'Dist expedição'!$C:$F,4,0),"") -> PARCEIRO SPOT SOLUCOES | Y18: =IF(V18="", "", IF(ISNUMBER(MATCH(SUBSTITUTE(V18, "_AM1", ""), 'Resumo Mapa'!A:A, 0)), "✅", "❌")) -> ❌ | Z18: =IFERROR(VLOOKUP(CONCATENATE("Onda 6"," - ",A18),'Dist expedição'!P:S,3,0),"") -> H1_AM1 | AA18: =IFERROR(VLOOKUP(Z18,'Dist expedição'!$C:$E,2,0),"") -> AM1_21 | AB18: =IFERROR(VLOOKUP(Z18,'Dist expedição'!$C:$F,4,0),"") -> Hawk Transportes | AC18: =IF(Z18="", "", IF(ISNUMBER(MATCH(SUBSTITUTE(Z18, "_AM1", ""), 'Resumo Mapa'!A:A, 0)), "✅", "❌")) -> ❌ | AD18: =IFERROR(VLOOKUP(CONCATENATE("Onda 7"," - ",A18),'Dist expedição'!P:S,3,0),"") | AE18: =IFERROR(VLOOKUP(AD18,'Dist expedição'!$C:$E,2,0),"") | AF18: =IFERROR(VLOOKUP(AD18,'Dist expedição'!$C:$F,4,0),"") | AG18: =IF(AD18="", "", IF(ISNUMBER(MATCH(SUBSTITUTE(AD18, "_AM1", ""), 'Resumo Mapa'!A:A, 0)), "✅", "❌"))
A19: 11 | B19: REGINA | C19: ALEXANDRE (D) | D19: BARBARA | E19: =IFERROR(VLOOKUP(CONCATENATE("Onda 1"," - ",A19),'Dist expedição'!P:S,3,0),"") | F19: =IFERROR(VLOOKUP(E19,'Dist expedição'!$C:$E,2,0),"") | G19: =IFERROR(VLOOKUP(E19,'Dist expedição'!$C:$F,4,0),"") | H19: =IF(E19="", "", IF(ISNUMBER(MATCH(SUBSTITUTE(E19, "_AM1", ""), 'Resumo Mapa'!A:A, 0)), "✅", "❌")) | I19: =IFERROR(VLOOKUP(CONCATENATE("Onda 2"," - ",A19),'Dist expedição'!P:S,3,0),"") | J19: =IFERROR(VLOOKUP(I19,'Dist expedição'!$C:$E,2,0),"") | K19: =IFERROR(VLOOKUP(I19,'Dist expedição'!$C:$F,4,0),"") | L19: =IF(I19="", "", IF(ISNUMBER(MATCH(SUBSTITUTE(I19, "_AM1", ""), 'Resumo Mapa'!A:A, 0)), "✅", "❌")) | M19: 11 | N19: =IFERROR(VLOOKUP(CONCATENATE("Onda 3"," - ",A19),'Dist expedição'!P:S,3,0),"") -> P1_AM1 | O19: =IFERROR(VLOOKUP(N19,'Dist expedição'!$C:$E,2,0),"") -> AM1_71 | P19: =IFERROR(VLOOKUP(N19,'Dist expedição'!$C:$F,4,0),"") -> HELP ME SOLUCOES | Q19: =IF(N19="", "", IF(ISNUMBER(MATCH(SUBSTITUTE(N19, "_AM1", ""), 'Resumo Mapa'!A:A, 0)), "✅", "❌")) -> ❌ | R19: =IFERROR(VLOOKUP(CONCATENATE("Onda 4"," - ",A19),'Dist expedição'!P:S,3,0),"") -> H11_AM1 | S19: =IFERROR(VLOOKUP(R19,'Dist expedição'!$C:$E,2,0),"") -> AM1_22 | T19: =IFERROR(VLOOKUP(R19,'Dist expedição'!$C:$F,4,0),"") -> Hawk Transportes | U19: =IF(R19="", "", IF(ISNUMBER(MATCH(SUBSTITUTE(R19, "_AM1", ""), 'Resumo Mapa'!A:A, 0)), "✅", "❌")) -> ❌ | V19: =IFERROR(VLOOKUP(CONCATENATE("Onda 5"," - ",A19),'Dist expedição'!P:S,3,0),"") -> C4_AM1 | W19: =IFERROR(VLOOKUP(V19,'Dist expedição'!$C:$E,2,0),"") -> AM1_98 | X19: =IFERROR(VLOOKUP(V19,'Dist expedição'!$C:$F,4,0),"") -> PARCEIRO SPOT SOLUCOES | Y19: =IF(V19="", "", IF(ISNUMBER(MATCH(SUBSTITUTE(V19, "_AM1", ""), 'Resumo Mapa'!A:A, 0)), "✅", "❌")) -> ❌ | Z19: =IFERROR(VLOOKUP(CONCATENATE("Onda 6"," - ",A19),'Dist expedição'!P:S,3,0),"") -> H6_AM1 | AA19: =IFERROR(VLOOKUP(Z19,'Dist expedição'!$C:$E,2,0),"") -> AM1_48 | AB19: =IFERROR(VLOOKUP(Z19,'Dist expedição'!$C:$F,4,0),"") -> Hawk Transportes | AC19: =IF(Z19="", "", IF(ISNUMBER(MATCH(SUBSTITUTE(Z19, "_AM1", ""), 'Resumo Mapa'!A:A, 0)), "✅", "❌")) -> ❌ | AD19: =IFERROR(VLOOKUP(CONCATENATE("Onda 7"," - ",A19),'Dist expedição'!P:S,3,0),"") | AE19: =IFERROR(VLOOKUP(AD19,'Dist expedição'!$C:$E,2,0),"") | AF19: =IFERROR(VLOOKUP(AD19,'Dist expedição'!$C:$F,4,0),"") | AG19: =IF(AD19="", "", IF(ISNUMBER(MATCH(SUBSTITUTE(AD19, "_AM1", ""), 'Resumo Mapa'!A:A, 0)), "✅", "❌"))
A20: 12 | B20: LARISSA | C20: ALEXANDRE (D) | D20: BARBARA | E20: =IFERROR(VLOOKUP(CONCATENATE("Onda 1"," - ",A20),'Dist expedição'!P:S,3,0),"") | F20: =IFERROR(VLOOKUP(E20,'Dist expedição'!$C:$E,2,0),"") | G20: =IFERROR(VLOOKUP(E20,'Dist expedição'!$C:$F,4,0),"") | H20: =IF(E20="", "", IF(ISNUMBER(MATCH(SUBSTITUTE(E20, "_AM1", ""), 'Resumo Mapa'!A:A, 0)), "✅", "❌")) | I20: =IFERROR(VLOOKUP(CONCATENATE("Onda 2"," - ",A20),'Dist expedição'!P:S,3,0),"") | J20: =IFERROR(VLOOKUP(I20,'Dist expedição'!$C:$E,2,0),"") | K20: =IFERROR(VLOOKUP(I20,'Dist expedição'!$C:$F,4,0),"") | L20: =IF(I20="", "", IF(ISNUMBER(MATCH(SUBSTITUTE(I20, "_AM1", ""), 'Resumo Mapa'!A:A, 0)), "✅", "❌")) | M20: 12 | N20: =IFERROR(VLOOKUP(CONCATENATE("Onda 3"," - ",A20),'Dist expedição'!P:S,3,0),"") -> Q2_AM1 | O20: =IFERROR(VLOOKUP(N20,'Dist expedição'!$C:$E,2,0),"") -> AM1_16 | P20: =IFERROR(VLOOKUP(N20,'Dist expedição'!$C:$F,4,0),"") -> Hawk Transportes | Q20: =IF(N20="", "", IF(ISNUMBER(MATCH(SUBSTITUTE(N20, "_AM1", ""), 'Resumo Mapa'!A:A, 0)), "✅", "❌")) -> ❌ | R20: =IFERROR(VLOOKUP(CONCATENATE("Onda 4"," - ",A20),'Dist expedição'!P:S,3,0),"") -> I8_AM1 | S20: =IFERROR(VLOOKUP(R20,'Dist expedição'!$C:$E,2,0),"") -> AM1_57 | T20: =IFERROR(VLOOKUP(R20,'Dist expedição'!$C:$F,4,0),"") -> Hawk Transportes | U20: =IF(R20="", "", IF(ISNUMBER(MATCH(SUBSTITUTE(R20, "_AM1", ""), 'Resumo Mapa'!A:A, 0)), "✅", "❌")) -> ❌ | V20: =IFERROR(VLOOKUP(CONCATENATE("Onda 5"," - ",A20),'Dist expedição'!P:S,3,0),"") -> VN3_AM1 | W20: =IFERROR(VLOOKUP(V20,'Dist expedição'!$C:$E,2,0),"") -> AM1_50 | X20: =IFERROR(VLOOKUP(V20,'Dist expedição'!$C:$F,4,0),"") -> PARCEIRO SPOT SOLUCOES | Y20: =IF(V20="", "", IF(ISNUMBER(MATCH(SUBSTITUTE(V20, "_AM1", ""), 'Resumo Mapa'!A:A, 0)), "✅", "❌")) -> ✅ | Z20: =IFERROR(VLOOKUP(CONCATENATE("Onda 6"," - ",A20),'Dist expedição'!P:S,3,0),"") -> G1_AM1 | AA20: =IFERROR(VLOOKUP(Z20,'Dist expedição'!$C:$E,2,0),"") -> AM1_1 | AB20: =IFERROR(VLOOKUP(Z20,'Dist expedição'!$C:$F,4,0),"") -> Hawk Transportes | AC20: =IF(Z20="", "", IF(ISNUMBER(MATCH(SUBSTITUTE(Z20, "_AM1", ""), 'Resumo Mapa'!A:A, 0)), "✅", "❌")) -> ❌ | AD20: =IFERROR(VLOOKUP(CONCATENATE("Onda 7"," - ",A20),'Dist expedição'!P:S,3,0),"") | AE20: =IFERROR(VLOOKUP(AD20,'Dist expedição'!$C:$E,2,0),"") | AF20: =IFERROR(VLOOKUP(AD20,'Dist expedição'!$C:$F,4,0),"") | AG20: =IF(AD20="", "", IF(ISNUMBER(MATCH(SUBSTITUTE(AD20, "_AM1", ""), 'Resumo Mapa'!A:A, 0)), "✅", "❌"))
A21: 13 | B21: LUCIANA | C21: ANTONIO PEDRO (D) | D21: BARBARA | E21: =IFERROR(VLOOKUP(CONCATENATE("Onda 1"," - ",A21),'Dist expedição'!P:S,3,0),"") | F21: =IFERROR(VLOOKUP(E21,'Dist expedição'!$C:$E,2,0),"") | G21: =IFERROR(VLOOKUP(E21,'Dist expedição'!$C:$F,4,0),"") | H21: =IF(E21="", "", IF(ISNUMBER(MATCH(SUBSTITUTE(E21, "_AM1", ""), 'Resumo Mapa'!A:A, 0)), "✅", "❌")) | I21: =IFERROR(VLOOKUP(CONCATENATE("Onda 2"," - ",A21),'Dist expedição'!P:S,3,0),"") | J21: =IFERROR(VLOOKUP(I21,'Dist expedição'!$C:$E,2,0),"") | K21: =IFERROR(VLOOKUP(I21,'Dist expedição'!$C:$F,4,0),"") | L21: =IF(I21="", "", IF(ISNUMBER(MATCH(SUBSTITUTE(I21, "_AM1", ""), 'Resumo Mapa'!A:A, 0)), "✅", "❌")) | M21: 13 | N21: =IFERROR(VLOOKUP(CONCATENATE("Onda 3"," - ",A21),'Dist expedição'!P:S,3,0),"") -> P10_AM1 | O21: =IFERROR(VLOOKUP(N21,'Dist expedição'!$C:$E,2,0),"") -> AM1_66 | P21: =IFERROR(VLOOKUP(N21,'Dist expedição'!$C:$F,4,0),"") -> Hawk Transportes | Q21: =IF(N21="", "", IF(ISNUMBER(MATCH(SUBSTITUTE(N21, "_AM1", ""), 'Resumo Mapa'!A:A, 0)), "✅", "❌")) -> ❌ | R21: =IFERROR(VLOOKUP(CONCATENATE("Onda 4"," - ",A21),'Dist expedição'!P:S,3,0),"") -> A8_AM1 | S21: =IFERROR(VLOOKUP(R21,'Dist expedição'!$C:$E,2,0),"") -> AM1_120 | T21: =IFERROR(VLOOKUP(R21,'Dist expedição'!$C:$F,4,0),"") -> Hawk Transportes | U21: =IF(R21="", "", IF(ISNUMBER(MATCH(SUBSTITUTE(R21, "_AM1", ""), 'Resumo Mapa'!A:A, 0)), "✅", "❌")) -> ❌ | V21: =IFERROR(VLOOKUP(CONCATENATE("Onda 5"," - ",A21),'Dist expedição'!P:S,3,0),"") -> B9_AM1 | W21: =IFERROR(VLOOKUP(V21,'Dist expedição'!$C:$E,2,0),"") -> AM1_99 | X21: =IFERROR(VLOOKUP(V21,'Dist expedição'!$C:$F,4,0),"") -> HELP ME SOLUCOES | Y21: =IF(V21="", "", IF(ISNUMBER(MATCH(SUBSTITUTE(V21, "_AM1", ""), 'Resumo Mapa'!A:A, 0)), "✅", "❌")) -> ❌ | Z21: =IFERROR(VLOOKUP(CONCATENATE("Onda 6"," - ",A21),'Dist expedição'!P:S,3,0),"") -> H9_AM1 | AA21: =IFERROR(VLOOKUP(Z21,'Dist expedição'!$C:$E,2,0),"") -> AM1_54 | AB21: =IFERROR(VLOOKUP(Z21,'Dist expedição'!$C:$F,4,0),"") -> Hawk Transportes | AC21: =IF(Z21="", "", IF(ISNUMBER(MATCH(SUBSTITUTE(Z21, "_AM1", ""), 'Resumo Mapa'!A:A, 0)), "✅", "❌")) -> ❌ | AD21: =IFERROR(VLOOKUP(CONCATENATE("Onda 7"," - ",A21),'Dist expedição'!P:S,3,0),"") | AE21: =IFERROR(VLOOKUP(AD21,'Dist expedição'!$C:$E,2,0),"") | AF21: =IFERROR(VLOOKUP(AD21,'Dist expedição'!$C:$F,4,0),"") | AG21: =IF(AD21="", "", IF(ISNUMBER(MATCH(SUBSTITUTE(AD21, "_AM1", ""), 'Resumo Mapa'!A:A, 0)), "✅", "❌"))
A22: 14 | B22: CAMYLLA | C22: ANTONIO PEDRO (D) | D22: BARBARA | E22: =IFERROR(VLOOKUP(CONCATENATE("Onda 1"," - ",A22),'Dist expedição'!P:S,3,0),"") | F22: =IFERROR(VLOOKUP(E22,'Dist expedição'!$C:$E,2,0),"") | G22: =IFERROR(VLOOKUP(E22,'Dist expedição'!$C:$F,4,0),"") | H22: =IF(E22="", "", IF(ISNUMBER(MATCH(SUBSTITUTE(E22, "_AM1", ""), 'Resumo Mapa'!A:A, 0)), "✅", "❌")) | I22: =IFERROR(VLOOKUP(CONCATENATE("Onda 2"," - ",A22),'Dist expedição'!P:S,3,0),"") | J22: =IFERROR(VLOOKUP(I22,'Dist expedição'!$C:$E,2,0),"") | K22: =IFERROR(VLOOKUP(I22,'Dist expedição'!$C:$F,4,0),"") | L22: =IF(I22="", "", IF(ISNUMBER(MATCH(SUBSTITUTE(I22, "_AM1", ""), 'Resumo Mapa'!A:A, 0)), "✅", "❌")) | M22: 14 | N22: =IFERROR(VLOOKUP(CONCATENATE("Onda 3"," - ",A22),'Dist expedição'!P:S,3,0),"") -> P12_AM1 | O22: =IFERROR(VLOOKUP(N22,'Dist expedição'!$C:$E,2,0),"") -> AM1_42 | P22: =IFERROR(VLOOKUP(N22,'Dist expedição'!$C:$F,4,0),"") -> Hawk Transportes | Q22: =IF(N22="", "", IF(ISNUMBER(MATCH(SUBSTITUTE(N22, "_AM1", ""), 'Resumo Mapa'!A:A, 0)), "✅", "❌")) -> ❌ | R22: =IFERROR(VLOOKUP(CONCATENATE("Onda 4"," - ",A22),'Dist expedição'!P:S,3,0),"") -> B3_AM1 | S22: =IFERROR(VLOOKUP(R22,'Dist expedição'!$C:$E,2,0),"") -> AM1_111 | T22: =IFERROR(VLOOKUP(R22,'Dist expedição'!$C:$F,4,0),"") -> Hawk Transportes | U22: =IF(R22="", "", IF(ISNUMBER(MATCH(SUBSTITUTE(R22, "_AM1", ""), 'Resumo Mapa'!A:A, 0)), "✅", "❌")) -> ❌ | V22: =IFERROR(VLOOKUP(CONCATENATE("Onda 5"," - ",A22),'Dist expedição'!P:S,3,0),"") -> B6_AM1 | W22: =IFERROR(VLOOKUP(V22,'Dist expedição'!$C:$E,2,0),"") -> AM1_100 | X22: =IFERROR(VLOOKUP(V22,'Dist expedição'!$C:$F,4,0),"") -> HELP ME SOLUCOES | Y22: =IF(V22="", "", IF(ISNUMBER(MATCH(SUBSTITUTE(V22, "_AM1", ""), 'Resumo Mapa'!A:A, 0)), "✅", "❌")) -> ❌ | Z22: =IFERROR(VLOOKUP(CONCATENATE("Onda 6"," - ",A22),'Dist expedição'!P:S,3,0),"") -> H12_AM1 | AA22: =IFERROR(VLOOKUP(Z22,'Dist expedição'!$C:$E,2,0),"") -> AM1_55 | AB22: =IFERROR(VLOOKUP(Z22,'Dist expedição'!$C:$F,4,0),"") -> Hawk Transportes | AC22: =IF(Z22="", "", IF(ISNUMBER(MATCH(SUBSTITUTE(Z22, "_AM1", ""), 'Resumo Mapa'!A:A, 0)), "✅", "❌")) -> ❌ | AD22: =IFERROR(VLOOKUP(CONCATENATE("Onda 7"," - ",A22),'Dist expedição'!P:S,3,0),"") | AE22: =IFERROR(VLOOKUP(AD22,'Dist expedição'!$C:$E,2,0),"") | AF22: =IFERROR(VLOOKUP(AD22,'Dist expedição'!$C:$F,4,0),"") | AG22: =IF(AD22="", "", IF(ISNUMBER(MATCH(SUBSTITUTE(AD22, "_AM1", ""), 'Resumo Mapa'!A:A, 0)), "✅", "❌"))
A23: 15 | B23: ROGER | C23: BRENO (D) | D23: BARBARA | E23: =IFERROR(VLOOKUP(CONCATENATE("Onda 1"," - ",A23),'Dist expedição'!P:S,3,0),"") | F23: =IFERROR(VLOOKUP(E23,'Dist expedição'!$C:$E,2,0),"") | G23: =IFERROR(VLOOKUP(E23,'Dist expedição'!$C:$F,4,0),"") | H23: =IF(E23="", "", IF(ISNUMBER(MATCH(SUBSTITUTE(E23, "_AM1", ""), 'Resumo Mapa'!A:A, 0)), "✅", "❌")) | I23: =IFERROR(VLOOKUP(CONCATENATE("Onda 2"," - ",A23),'Dist expedição'!P:S,3,0),"") | J23: =IFERROR(VLOOKUP(I23,'Dist expedição'!$C:$E,2,0),"") | K23: =IFERROR(VLOOKUP(I23,'Dist expedição'!$C:$F,4,0),"") | L23: =IF(I23="", "", IF(ISNUMBER(MATCH(SUBSTITUTE(I23, "_AM1", ""), 'Resumo Mapa'!A:A, 0)), "✅", "❌")) | M23: 15 | N23: =IFERROR(VLOOKUP(CONCATENATE("Onda 3"," - ",A23),'Dist expedição'!P:S,3,0),"") -> Q1_AM1 | O23: =IFERROR(VLOOKUP(N23,'Dist expedição'!$C:$E,2,0),"") -> AM1_4 | P23: =IFERROR(VLOOKUP(N23,'Dist expedição'!$C:$F,4,0),"") -> FLASHLOG | Q23: =IF(N23="", "", IF(ISNUMBER(MATCH(SUBSTITUTE(N23, "_AM1", ""), 'Resumo Mapa'!A:A, 0)), "✅", "❌")) -> ❌ | R23: =IFERROR(VLOOKUP(CONCATENATE("Onda 4"," - ",A23),'Dist expedição'!P:S,3,0),"") -> B1_AM1 | S23: =IFERROR(VLOOKUP(R23,'Dist expedição'!$C:$E,2,0),"") -> AM1_115 | T23: =IFERROR(VLOOKUP(R23,'Dist expedição'!$C:$F,4,0),"") -> PARCEIRO SPOT SOLUCOES | U23: =IF(R23="", "", IF(ISNUMBER(MATCH(SUBSTITUTE(R23, "_AM1", ""), 'Resumo Mapa'!A:A, 0)), "✅", "❌")) -> ❌ | V23: =IFERROR(VLOOKUP(CONCATENATE("Onda 5"," - ",A23),'Dist expedição'!P:S,3,0),"") -> F1_AM1 | W23: =IFERROR(VLOOKUP(V23,'Dist expedição'!$C:$E,2,0),"") -> AM1_2 | X23: =IFERROR(VLOOKUP(V23,'Dist expedição'!$C:$F,4,0),"") -> PARCEIRO SPOT SOLUCOES | Y23: =IF(V23="", "", IF(ISNUMBER(MATCH(SUBSTITUTE(V23, "_AM1", ""), 'Resumo Mapa'!A:A, 0)), "✅", "❌")) -> ❌ | Z23: =IFERROR(VLOOKUP(CONCATENATE("Onda 6"," - ",A23),'Dist expedição'!P:S,3,0),"") -> VN4_AM1 | AA23: =IFERROR(VLOOKUP(Z23,'Dist expedição'!$C:$E,2,0),"") -> AM1_108 | AB23: =IFERROR(VLOOKUP(Z23,'Dist expedição'!$C:$F,4,0),"") -> PARCEIRO SPOT SOLUCOES | AC23: =IF(Z23="", "", IF(ISNUMBER(MATCH(SUBSTITUTE(Z23, "_AM1", ""), 'Resumo Mapa'!A:A, 0)), "✅", "❌")) -> ✅ | AD23: =IFERROR(VLOOKUP(CONCATENATE("Onda 7"," - ",A23),'Dist expedição'!P:S,3,0),"") | AE23: =IFERROR(VLOOKUP(AD23,'Dist expedição'!$C:$E,2,0),"") | AF23: =IFERROR(VLOOKUP(AD23,'Dist expedição'!$C:$F,4,0),"") | AG23: =IF(AD23="", "", IF(ISNUMBER(MATCH(SUBSTITUTE(AD23, "_AM1", ""), 'Resumo Mapa'!A:A, 0)), "✅", "❌"))
A24: 16 | B24: HEBERT | C24: BRENO (D) | D24: LEIA | E24: =IFERROR(VLOOKUP(CONCATENATE("Onda 1"," - ",A24),'Dist expedição'!P:S,3,0),"") | F24: =IFERROR(VLOOKUP(E24,'Dist expedição'!$C:$E,2,0),"") | G24: =IFERROR(VLOOKUP(E24,'Dist expedição'!$C:$F,4,0),"") | H24: =IF(E24="", "", IF(ISNUMBER(MATCH(SUBSTITUTE(E24, "_AM1", ""), 'Resumo Mapa'!A:A, 0)), "✅", "❌")) | I24: =IFERROR(VLOOKUP(CONCATENATE("Onda 2"," - ",A24),'Dist expedição'!P:S,3,0),"") | J24: =IFERROR(VLOOKUP(I24,'Dist expedição'!$C:$E,2,0),"") | K24: =IFERROR(VLOOKUP(I24,'Dist expedição'!$C:$F,4,0),"") | L24: =IF(I24="", "", IF(ISNUMBER(MATCH(SUBSTITUTE(I24, "_AM1", ""), 'Resumo Mapa'!A:A, 0)), "✅", "❌")) | M24: 16 | N24: =IFERROR(VLOOKUP(CONCATENATE("Onda 3"," - ",A24),'Dist expedição'!P:S,3,0),"") -> Q10_AM1 | O24: =IFERROR(VLOOKUP(N24,'Dist expedição'!$C:$E,2,0),"") -> AM1_8 | P24: =IFERROR(VLOOKUP(N24,'Dist expedição'!$C:$F,4,0),"") -> FLASHLOG | Q24: =IF(N24="", "", IF(ISNUMBER(MATCH(SUBSTITUTE(N24, "_AM1", ""), 'Resumo Mapa'!A:A, 0)), "✅", "❌")) -> ❌ | R24: =IFERROR(VLOOKUP(CONCATENATE("Onda 4"," - ",A24),'Dist expedição'!P:S,3,0),"") -> Q7_AM1 | S24: =IFERROR(VLOOKUP(R24,'Dist expedição'!$C:$E,2,0),"") -> AM1_59 | T24: =IFERROR(VLOOKUP(R24,'Dist expedição'!$C:$F,4,0),"") -> PARCEIRO SPOT SOLUCOES | U24: =IF(R24="", "", IF(ISNUMBER(MATCH(SUBSTITUTE(R24, "_AM1", ""), 'Resumo Mapa'!A:A, 0)), "✅", "❌")) -> ❌ | V24: =IFERROR(VLOOKUP(CONCATENATE("Onda 5"," - ",A24),'Dist expedição'!P:S,3,0),"") -> B8_AM1 | W24: =IFERROR(VLOOKUP(V24,'Dist expedição'!$C:$E,2,0),"") -> AM1_95 | X24: =IFERROR(VLOOKUP(V24,'Dist expedição'!$C:$F,4,0),"") -> PARCEIRO SPOT SOLUCOES | Y24: =IF(V24="", "", IF(ISNUMBER(MATCH(SUBSTITUTE(V24, "_AM1", ""), 'Resumo Mapa'!A:A, 0)), "✅", "❌")) -> ❌ | Z24: =IFERROR(VLOOKUP(CONCATENATE("Onda 6"," - ",A24),'Dist expedição'!P:S,3,0),"") -> H10_AM1 | AA24: =IFERROR(VLOOKUP(Z24,'Dist expedição'!$C:$E,2,0),"") -> AM1_53 | AB24: =IFERROR(VLOOKUP(Z24,'Dist expedição'!$C:$F,4,0),"") -> A L C TRANSPORTES | AC24: =IF(Z24="", "", IF(ISNUMBER(MATCH(SUBSTITUTE(Z24, "_AM1", ""), 'Resumo Mapa'!A:A, 0)), "✅", "❌")) -> ❌ | AD24: =IFERROR(VLOOKUP(CONCATENATE("Onda 7"," - ",A24),'Dist expedição'!P:S,3,0),"") | AE24: =IFERROR(VLOOKUP(AD24,'Dist expedição'!$C:$E,2,0),"") | AF24: =IFERROR(VLOOKUP(AD24,'Dist expedição'!$C:$F,4,0),"") | AG24: =IF(AD24="", "", IF(ISNUMBER(MATCH(SUBSTITUTE(AD24, "_AM1", ""), 'Resumo Mapa'!A:A, 0)), "✅", "❌"))
A25: 17 | B25: NAEL | C25: CARLOS DANIEL (D) | D25: LEIA | E25: =IFERROR(VLOOKUP(CONCATENATE("Onda 1"," - ",A25),'Dist expedição'!P:S,3,0),"") | F25: =IFERROR(VLOOKUP(E25,'Dist expedição'!$C:$E,2,0),"") | G25: =IFERROR(VLOOKUP(E25,'Dist expedição'!$C:$F,4,0),"") | H25: =IF(E25="", "", IF(ISNUMBER(MATCH(SUBSTITUTE(E25, "_AM1", ""), 'Resumo Mapa'!A:A, 0)), "✅", "❌")) | I25: =IFERROR(VLOOKUP(CONCATENATE("Onda 2"," - ",A25),'Dist expedição'!P:S,3,0),"") | J25: =IFERROR(VLOOKUP(I25,'Dist expedição'!$C:$E,2,0),"") | K25: =IFERROR(VLOOKUP(I25,'Dist expedição'!$C:$F,4,0),"") | L25: =IF(I25="", "", IF(ISNUMBER(MATCH(SUBSTITUTE(I25, "_AM1", ""), 'Resumo Mapa'!A:A, 0)), "✅", "❌")) | M25: 17 | N25: =IFERROR(VLOOKUP(CONCATENATE("Onda 3"," - ",A25),'Dist expedição'!P:S,3,0),"") -> P5_AM1 | O25: =IFERROR(VLOOKUP(N25,'Dist expedição'!$C:$E,2,0),"") -> AM1_9 | P25: =IFERROR(VLOOKUP(N25,'Dist expedição'!$C:$F,4,0),"") -> FLASHLOG | Q25: =IF(N25="", "", IF(ISNUMBER(MATCH(SUBSTITUTE(N25, "_AM1", ""), 'Resumo Mapa'!A:A, 0)), "✅", "❌")) -> ❌ | R25: =IFERROR(VLOOKUP(CONCATENATE("Onda 4"," - ",A25),'Dist expedição'!P:S,3,0),"") -> A9_AM1 | S25: =IFERROR(VLOOKUP(R25,'Dist expedição'!$C:$E,2,0),"") -> AM1_119 | T25: =IFERROR(VLOOKUP(R25,'Dist expedição'!$C:$F,4,0),"") -> PARCEIRO SPOT SOLUCOES | U25: =IF(R25="", "", IF(ISNUMBER(MATCH(SUBSTITUTE(R25, "_AM1", ""), 'Resumo Mapa'!A:A, 0)), "✅", "❌")) -> ❌ | V25: =IFERROR(VLOOKUP(CONCATENATE("Onda 5"," - ",A25),'Dist expedição'!P:S,3,0),"") -> C10_AM1 | W25: =IFERROR(VLOOKUP(V25,'Dist expedição'!$C:$E,2,0),"") -> AM1_117 | X25: =IFERROR(VLOOKUP(V25,'Dist expedição'!$C:$F,4,0),"") -> RodaCoop | Y25: =IF(V25="", "", IF(ISNUMBER(MATCH(SUBSTITUTE(V25, "_AM1", ""), 'Resumo Mapa'!A:A, 0)), "✅", "❌")) -> ❌ | Z25: =IFERROR(VLOOKUP(CONCATENATE("Onda 6"," - ",A25),'Dist expedição'!P:S,3,0),"") -> I2_AM1 | AA25: =IFERROR(VLOOKUP(Z25,'Dist expedição'!$C:$E,2,0),"") -> AM1_18 | AB25: =IFERROR(VLOOKUP(Z25,'Dist expedição'!$C:$F,4,0),"") -> A L C TRANSPORTES | AC25: =IF(Z25="", "", IF(ISNUMBER(MATCH(SUBSTITUTE(Z25, "_AM1", ""), 'Resumo Mapa'!A:A, 0)), "✅", "❌")) -> ❌ | AD25: =IFERROR(VLOOKUP(CONCATENATE("Onda 7"," - ",A25),'Dist expedição'!P:S,3,0),"") | AE25: =IFERROR(VLOOKUP(AD25,'Dist expedição'!$C:$E,2,0),"") | AF25: =IFERROR(VLOOKUP(AD25,'Dist expedição'!$C:$F,4,0),"") | AG25: =IF(AD25="", "", IF(ISNUMBER(MATCH(SUBSTITUTE(AD25, "_AM1", ""), 'Resumo Mapa'!A:A, 0)), "✅", "❌"))
A26: 18 | B26: EDERSON | C26: CARLOS DANIEL (D) | D26: LEIA | E26: =IFERROR(VLOOKUP(CONCATENATE("Onda 1"," - ",A26),'Dist expedição'!P:S,3,0),"") | F26: =IFERROR(VLOOKUP(E26,'Dist expedição'!$C:$E,2,0),"") | G26: =IFERROR(VLOOKUP(E26,'Dist expedição'!$C:$F,4,0),"") | H26: =IF(E26="", "", IF(ISNUMBER(MATCH(SUBSTITUTE(E26, "_AM1", ""), 'Resumo Mapa'!A:A, 0)), "✅", "❌")) | I26: =IFERROR(VLOOKUP(CONCATENATE("Onda 2"," - ",A26),'Dist expedição'!P:S,3,0),"") | J26: =IFERROR(VLOOKUP(I26,'Dist expedição'!$C:$E,2,0),"") | K26: =IFERROR(VLOOKUP(I26,'Dist expedição'!$C:$F,4,0),"") | L26: =IF(I26="", "", IF(ISNUMBER(MATCH(SUBSTITUTE(I26, "_AM1", ""), 'Resumo Mapa'!A:A, 0)), "✅", "❌")) | M26: 18 | N26: =IFERROR(VLOOKUP(CONCATENATE("Onda 3"," - ",A26),'Dist expedição'!P:S,3,0),"") -> P7_AM1 | O26: =IFERROR(VLOOKUP(N26,'Dist expedição'!$C:$E,2,0),"") -> AM1_19 | P26: =IFERROR(VLOOKUP(N26,'Dist expedição'!$C:$F,4,0),"") -> PARCEIRO SPOT SOLUCOES | Q26: =IF(N26="", "", IF(ISNUMBER(MATCH(SUBSTITUTE(N26, "_AM1", ""), 'Resumo Mapa'!A:A, 0)), "✅", "❌")) -> ❌ | R26: =IFERROR(VLOOKUP(CONCATENATE("Onda 4"," - ",A26),'Dist expedição'!P:S,3,0),"") -> D1_AM1 | S26: =IFERROR(VLOOKUP(R26,'Dist expedição'!$C:$E,2,0),"") -> AM1_15 | T26: =IFERROR(VLOOKUP(R26,'Dist expedição'!$C:$F,4,0),"") -> Hawk Transportes | U26: =IF(R26="", "", IF(ISNUMBER(MATCH(SUBSTITUTE(R26, "_AM1", ""), 'Resumo Mapa'!A:A, 0)), "✅", "❌")) -> ✅ | V26: =IFERROR(VLOOKUP(CONCATENATE("Onda 5"," - ",A26),'Dist expedição'!P:S,3,0),"") -> C1_AM1 | W26: =IFERROR(VLOOKUP(V26,'Dist expedição'!$C:$E,2,0),"") -> AM1_103 | X26: =IFERROR(VLOOKUP(V26,'Dist expedição'!$C:$F,4,0),"") -> RodaCoop | Y26: =IF(V26="", "", IF(ISNUMBER(MATCH(SUBSTITUTE(V26, "_AM1", ""), 'Resumo Mapa'!A:A, 0)), "✅", "❌")) -> ❌ | Z26: =IFERROR(VLOOKUP(CONCATENATE("Onda 6"," - ",A26),'Dist expedição'!P:S,3,0),"") -> C2_AM1 | AA26: =IFERROR(VLOOKUP(Z26,'Dist expedição'!$C:$E,2,0),"") -> AM1_102 | AB26: =IFERROR(VLOOKUP(Z26,'Dist expedição'!$C:$F,4,0),"") -> Envios Extra | AC26: =IF(Z26="", "", IF(ISNUMBER(MATCH(SUBSTITUTE(Z26, "_AM1", ""), 'Resumo Mapa'!A:A, 0)), "✅", "❌")) -> ❌ | AD26: =IFERROR(VLOOKUP(CONCATENATE("Onda 7"," - ",A26),'Dist expedição'!P:S,3,0),"") | AE26: =IFERROR(VLOOKUP(AD26,'Dist expedição'!$C:$E,2,0),"") | AF26: =IFERROR(VLOOKUP(AD26,'Dist expedição'!$C:$F,4,0),"") | AG26: =IF(AD26="", "", IF(ISNUMBER(MATCH(SUBSTITUTE(AD26, "_AM1", ""), 'Resumo Mapa'!A:A, 0)), "✅", "❌"))
A27: 19 | B27: SUELI | C27: GUSTAVO SANTOS (D) | D27: LEIA | E27: =IFERROR(VLOOKUP(CONCATENATE("Onda 1"," - ",A27),'Dist expedição'!P:S,3,0),"") | F27: =IFERROR(VLOOKUP(E27,'Dist expedição'!$C:$E,2,0),"") | G27: =IFERROR(VLOOKUP(E27,'Dist expedição'!$C:$F,4,0),"") | H27: =IF(E27="", "", IF(ISNUMBER(MATCH(SUBSTITUTE(E27, "_AM1", ""), 'Resumo Mapa'!A:A, 0)), "✅", "❌")) | I27: =IFERROR(VLOOKUP(CONCATENATE("Onda 2"," - ",A27),'Dist expedição'!P:S,3,0),"") | J27: =IFERROR(VLOOKUP(I27,'Dist expedição'!$C:$E,2,0),"") | K27: =IFERROR(VLOOKUP(I27,'Dist expedição'!$C:$F,4,0),"") | L27: =IF(I27="", "", IF(ISNUMBER(MATCH(SUBSTITUTE(I27, "_AM1", ""), 'Resumo Mapa'!A:A, 0)), "✅", "❌")) | M27: 19 | N27: =IFERROR(VLOOKUP(CONCATENATE("Onda 3"," - ",A27),'Dist expedição'!P:S,3,0),"") -> VN6_AM1 | O27: =IFERROR(VLOOKUP(N27,'Dist expedição'!$C:$E,2,0),"") -> AM1_3 | P27: =IFERROR(VLOOKUP(N27,'Dist expedição'!$C:$F,4,0),"") -> PARCEIRO SPOT SOLUCOES | Q27: =IF(N27="", "", IF(ISNUMBER(MATCH(SUBSTITUTE(N27, "_AM1", ""), 'Resumo Mapa'!A:A, 0)), "✅", "❌")) -> ❌ | R27: =IFERROR(VLOOKUP(CONCATENATE("Onda 4"," - ",A27),'Dist expedição'!P:S,3,0),"") -> I1_AM1 | S27: =IFERROR(VLOOKUP(R27,'Dist expedição'!$C:$E,2,0),"") -> AM1_60 | T27: =IFERROR(VLOOKUP(R27,'Dist expedição'!$C:$F,4,0),"") -> PARCEIRO SPOT SOLUCOES | U27: =IF(R27="", "", IF(ISNUMBER(MATCH(SUBSTITUTE(R27, "_AM1", ""), 'Resumo Mapa'!A:A, 0)), "✅", "❌")) -> ✅ | V27: =IFERROR(VLOOKUP(CONCATENATE("Onda 5"," - ",A27),'Dist expedição'!P:S,3,0),"") -> C3_AM1 | W27: =IFERROR(VLOOKUP(V27,'Dist expedição'!$C:$E,2,0),"") -> AM1_106 | X27: =IFERROR(VLOOKUP(V27,'Dist expedição'!$C:$F,4,0),"") -> PARCEIRO SPOT SOLUCOES | Y27: =IF(V27="", "", IF(ISNUMBER(MATCH(SUBSTITUTE(V27, "_AM1", ""), 'Resumo Mapa'!A:A, 0)), "✅", "❌")) -> ✅ | Z27: =IFERROR(VLOOKUP(CONCATENATE("Onda 6"," - ",A27),'Dist expedição'!P:S,3,0),"") -> H7_AM1 | AA27: =IFERROR(VLOOKUP(Z27,'Dist expedição'!$C:$E,2,0),"") -> AM1_46 | AB27: =IFERROR(VLOOKUP(Z27,'Dist expedição'!$C:$F,4,0),"") -> Kangu Logistics | AC27: =IF(Z27="", "", IF(ISNUMBER(MATCH(SUBSTITUTE(Z27, "_AM1", ""), 'Resumo Mapa'!A:A, 0)), "✅", "❌")) -> ❌ | AD27: =IFERROR(VLOOKUP(CONCATENATE("Onda 7"," - ",A27),'Dist expedição'!P:S,3,0),"") | AE27: =IFERROR(VLOOKUP(AD27,'Dist expedição'!$C:$E,2,0),"") | AF27: =IFERROR(VLOOKUP(AD27,'Dist expedição'!$C:$F,4,0),"") | AG27: =IF(AD27="", "", IF(ISNUMBER(MATCH(SUBSTITUTE(AD27, "_AM1", ""), 'Resumo Mapa'!A:A, 0)), "✅", "❌"))
A28: 20 | B28: DANILO | C28: GUSTAVO SANTOS (D) | D28: LEIA | E28: =IFERROR(VLOOKUP(CONCATENATE("Onda 1"," - ",A28),'Dist expedição'!P:S,3,0),"") | F28: =IFERROR(VLOOKUP(E28,'Dist expedição'!$C:$E,2,0),"") | G28: =IFERROR(VLOOKUP(E28,'Dist expedição'!$C:$F,4,0),"") | H28: =IF(E28="", "", IF(ISNUMBER(MATCH(SUBSTITUTE(E28, "_AM1", ""), 'Resumo Mapa'!A:A, 0)), "✅", "❌")) | I28: =IFERROR(VLOOKUP(CONCATENATE("Onda 2"," - ",A28),'Dist expedição'!P:S,3,0),"") | J28: =IFERROR(VLOOKUP(I28,'Dist expedição'!$C:$E,2,0),"") | K28: =IFERROR(VLOOKUP(I28,'Dist expedição'!$C:$F,4,0),"") | L28: =IF(I28="", "", IF(ISNUMBER(MATCH(SUBSTITUTE(I28, "_AM1", ""), 'Resumo Mapa'!A:A, 0)), "✅", "❌")) | M28: 20 | N28: =IFERROR(VLOOKUP(CONCATENATE("Onda 3"," - ",A28),'Dist expedição'!P:S,3,0),"") -> Q5_AM1 | O28: =IFERROR(VLOOKUP(N28,'Dist expedição'!$C:$E,2,0),"") -> AM1_5 | P28: =IFERROR(VLOOKUP(N28,'Dist expedição'!$C:$F,4,0),"") -> PARCEIRO SPOT SOLUCOES | Q28: =IF(N28="", "", IF(ISNUMBER(MATCH(SUBSTITUTE(N28, "_AM1", ""), 'Resumo Mapa'!A:A, 0)), "✅", "❌")) -> ❌ | R28: =IFERROR(VLOOKUP(CONCATENATE("Onda 4"," - ",A28),'Dist expedição'!P:S,3,0),"") -> B2_AM1 | S28: =IFERROR(VLOOKUP(R28,'Dist expedição'!$C:$E,2,0),"") -> AM1_110 | T28: =IFERROR(VLOOKUP(R28,'Dist expedição'!$C:$F,4,0),"") -> PARCEIRO SPOT SOLUCOES | U28: =IF(R28="", "", IF(ISNUMBER(MATCH(SUBSTITUTE(R28, "_AM1", ""), 'Resumo Mapa'!A:A, 0)), "✅", "❌")) -> ❌ | V28: =IFERROR(VLOOKUP(CONCATENATE("Onda 5"," - ",A28),'Dist expedição'!P:S,3,0),"") -> C9_AM1 | W28: =IFERROR(VLOOKUP(V28,'Dist expedição'!$C:$E,2,0),"") -> AM1_114 | X28: =IFERROR(VLOOKUP(V28,'Dist expedição'!$C:$F,4,0),"") -> Kangu Logistics | Y28: =IF(V28="", "", IF(ISNUMBER(MATCH(SUBSTITUTE(V28, "_AM1", ""), 'Resumo Mapa'!A:A, 0)), "✅", "❌")) -> ❌ | Z28: =IFERROR(VLOOKUP(CONCATENATE("Onda 6"," - ",A28),'Dist expedição'!P:S,3,0),"") -> I6_AM1 | AA28: =IFERROR(VLOOKUP(Z28,'Dist expedição'!$C:$E,2,0),"") -> AM1_49 | AB28: =IFERROR(VLOOKUP(Z28,'Dist expedição'!$C:$F,4,0),"") -> PARCEIRO SPOT SOLUCOES | AC28: =IF(Z28="", "", IF(ISNUMBER(MATCH(SUBSTITUTE(Z28, "_AM1", ""), 'Resumo Mapa'!A:A, 0)), "✅", "❌")) -> ❌ | AD28: =IFERROR(VLOOKUP(CONCATENATE("Onda 7"," - ",A28),'Dist expedição'!P:S,3,0),"") | AE28: =IFERROR(VLOOKUP(AD28,'Dist expedição'!$C:$E,2,0),"") | AF28: =IFERROR(VLOOKUP(AD28,'Dist expedição'!$C:$F,4,0),"") | AG28: =IF(AD28="", "", IF(ISNUMBER(MATCH(SUBSTITUTE(AD28, "_AM1", ""), 'Resumo Mapa'!A:A, 0)), "✅", "❌"))
... A38: 30 | B38: FABRICIO (D) | C38: LUCAS (D) | D38: ANGELICA | E38: =IFERROR(VLOOKUP(CONCATENATE("Onda 1"," - ",A38),'Dist expedição'!P:S,3,0),"") | F38: =IFERROR(VLOOKUP(E38,'Dist expedição'!$C:$E,2,0),"") | G38: =IFERROR(VLOOKUP(E38,'Dist expedição'!$C:$F,4,0),"") | H38: =IF(E38="", "", IF(ISNUMBER(MATCH(SUBSTITUTE(E38, "_AM1", ""), 'Resumo Mapa'!A:A, 0)), "✅", "❌")) | I38: =IFERROR(VLOOKUP(CONCATENATE("Onda 2"," - ",A38),'Dist expedição'!P:S,3,0),"") | J38: =IFERROR(VLOOKUP(I38,'Dist expedição'!$C:$E,2,0),"") | K38: =IFERROR(VLOOKUP(I38,'Dist expedição'!$C:$F,4,0),"") | L38: =IF(I38="", "", IF(ISNUMBER(MATCH(SUBSTITUTE(I38, "_AM1", ""), 'Resumo Mapa'!A:A, 0)), "✅", "❌")) | M38: 30 | N38: =IFERROR(VLOOKUP(CONCATENATE("Onda 3"," - ",A38),'Dist expedição'!P:S,3,0),"") -> P13_AM1 | O38: =IFERROR(VLOOKUP(N38,'Dist expedição'!$C:$E,2,0),"") -> AM1_37 | P38: =IFERROR(VLOOKUP(N38,'Dist expedição'!$C:$F,4,0),"") -> Kangu Logistics | Q38: =IF(N38="", "", IF(ISNUMBER(MATCH(SUBSTITUTE(N38, "_AM1", ""), 'Resumo Mapa'!A:A, 0)), "✅", "❌")) -> ❌ | R38: =IFERROR(VLOOKUP(CONCATENATE("Onda 4"," - ",A38),'Dist expedição'!P:S,3,0),"") -> B4_AM1 | S38: =IFERROR(VLOOKUP(R38,'Dist expedição'!$C:$E,2,0),"") -> AM1_104 | T38: =IFERROR(VLOOKUP(R38,'Dist expedição'!$C:$F,4,0),"") -> Kangu Logistics | U38: =IF(R38="", "", IF(ISNUMBER(MATCH(SUBSTITUTE(R38, "_AM1", ""), 'Resumo Mapa'!A:A, 0)), "✅", "❌")) -> ❌ | V38: =IFERROR(VLOOKUP(CONCATENATE("Onda 5"," - ",A38),'Dist expedição'!P:S,3,0),"") -> D6_AM1 | W38: =IFERROR(VLOOKUP(V38,'Dist expedição'!$C:$E,2,0),"") -> AM1_93 | X38: =IFERROR(VLOOKUP(V38,'Dist expedição'!$C:$F,4,0),"") -> A L C TRANSPORTES | Y38: =IF(V38="", "", IF(ISNUMBER(MATCH(SUBSTITUTE(V38, "_AM1", ""), 'Resumo Mapa'!A:A, 0)), "✅", "❌")) -> ❌ | Z38: =IFERROR(VLOOKUP(CONCATENATE("Onda 6"," - ",A38),'Dist expedição'!P:S,3,0),"") | AA38: =IFERROR(VLOOKUP(Z38,'Dist expedição'!$C:$E,2,0),"") | AB38: =IFERROR(VLOOKUP(Z38,'Dist expedição'!$C:$F,4,0),"") | AC38: =IF(Z38="", "", IF(ISNUMBER(MATCH(SUBSTITUTE(Z38, "_AM1", ""), 'Resumo Mapa'!A:A, 0)), "✅", "❌")) | AD38: =IFERROR(VLOOKUP(CONCATENATE("Onda 7"," - ",A38),'Dist expedição'!P:S,3,0),"") | AE38: =IFERROR(VLOOKUP(AD38,'Dist expedição'!$C:$E,2,0),"") | AF38: =IFERROR(VLOOKUP(AD38,'Dist expedição'!$C:$F,4,0),"") | AG38: =IF(AD38="", "", IF(ISNUMBER(MATCH(SUBSTITUTE(AD38, "_AM1", ""), 'Resumo Mapa'!A:A, 0)), "✅", "❌"))
A39: 31 | E39: =IFERROR(VLOOKUP(CONCATENATE("Onda 1"," - ",A39),'Dist expedição'!P:S,3,0),"") | F39: =IFERROR(VLOOKUP(E39,'Dist expedição'!$C:$E,2,0),"") | G39: =IFERROR(VLOOKUP(E39,'Dist expedição'!$C:$F,4,0),"") | H39: =IF(E39="", "", IF(ISNUMBER(MATCH(SUBSTITUTE(E39, "_AM1", ""), 'Resumo Mapa'!A:A, 0)), "✅", "❌")) | I39: =IFERROR(VLOOKUP(CONCATENATE("Onda 2"," - ",A39),'Dist expedição'!P:S,3,0),"") | J39: =IFERROR(VLOOKUP(I39,'Dist expedição'!$C:$E,2,0),"") | K39: =IFERROR(VLOOKUP(I39,'Dist expedição'!$C:$F,4,0),"") | L39: =IF(I39="", "", IF(ISNUMBER(MATCH(SUBSTITUTE(I39, "_AM1", ""), 'Resumo Mapa'!A:A, 0)), "✅", "❌")) | M39: 31 | N39: =IFERROR(VLOOKUP(CONCATENATE("Onda 3"," - ",A39),'Dist expedição'!P:S,3,0),"") | O39: =IFERROR(VLOOKUP(N39,'Dist expedição'!$C:$E,2,0),"") | P39: =IFERROR(VLOOKUP(N39,'Dist expedição'!$C:$F,4,0),"") | Q39: =IF(N39="", "", IF(ISNUMBER(MATCH(SUBSTITUTE(N39, "_AM1", ""), 'Resumo Mapa'!A:A, 0)), "✅", "❌")) | R39: =IFERROR(VLOOKUP(CONCATENATE("Onda 4"," - ",A39),'Dist expedição'!P:S,3,0),"") | S39: =IFERROR(VLOOKUP(R39,'Dist expedição'!$C:$E,2,0),"") | T39: =IFERROR(VLOOKUP(R39,'Dist expedição'!$C:$F,4,0),"") | U39: =IF(R39="", "", IF(ISNUMBER(MATCH(SUBSTITUTE(R39, "_AM1", ""), 'Resumo Mapa'!A:A, 0)), "✅", "❌")) | V39: =IFERROR(VLOOKUP(CONCATENATE("Onda 5"," - ",A39),'Dist expedição'!P:S,3,0),"") | W39: =IFERROR(VLOOKUP(V39,'Dist expedição'!$C:$E,2,0),"") | X39: =IFERROR(VLOOKUP(V39,'Dist expedição'!$C:$F,4,0),"") | Y39: =IF(V39="", "", IF(ISNUMBER(MATCH(SUBSTITUTE(V39, "_AM1", ""), 'Resumo Mapa'!A:A, 0)), "✅", "❌")) | Z39: =IFERROR(VLOOKUP(CONCATENATE("Onda 6"," - ",A39),'Dist expedição'!P:S,3,0),"") | AA39: =IFERROR(VLOOKUP(Z39,'Dist expedição'!$C:$E,2,0),"") | AB39: =IFERROR(VLOOKUP(Z39,'Dist expedição'!$C:$F,4,0),"") | AC39: =IF(Z39="", "", IF(ISNUMBER(MATCH(SUBSTITUTE(Z39, "_AM1", ""), 'Resumo Mapa'!A:A, 0)), "✅", "❌")) | AD39: =IFERROR(VLOOKUP(CONCATENATE("Onda 7"," - ",A39),'Dist expedição'!P:S,3,0),"") | AE39: =IFERROR(VLOOKUP(AD39,'Dist expedição'!$C:$E,2,0),"") | AF39: =IFERROR(VLOOKUP(AD39,'Dist expedição'!$C:$F,4,0),"") | AG39: =IF(AD39="", "", IF(ISNUMBER(MATCH(SUBSTITUTE(AD39, "_AM1", ""), 'Resumo Mapa'!A:A, 0)), "✅", "❌"))
A40: 32 | E40: =IFERROR(VLOOKUP(CONCATENATE("Onda 1"," - ",A40),'Dist expedição'!P:S,3,0),"") | F40: =IFERROR(VLOOKUP(E40,'Dist expedição'!$C:$E,2,0),"") | G40: =IFERROR(VLOOKUP(E40,'Dist expedição'!$C:$F,4,0),"") | H40: =IF(E40="", "", IF(ISNUMBER(MATCH(SUBSTITUTE(E40, "_AM1", ""), 'Resumo Mapa'!A:A, 0)), "✅", "❌")) | I40: =IFERROR(VLOOKUP(CONCATENATE("Onda 2"," - ",A40),'Dist expedição'!P:S,3,0),"") | J40: =IFERROR(VLOOKUP(I40,'Dist expedição'!$C:$E,2,0),"") | K40: =IFERROR(VLOOKUP(I40,'Dist expedição'!$C:$F,4,0),"") | L40: =IF(I40="", "", IF(ISNUMBER(MATCH(SUBSTITUTE(I40, "_AM1", ""), 'Resumo Mapa'!A:A, 0)), "✅", "❌")) | M40: 32 | N40: =IFERROR(VLOOKUP(CONCATENATE("Onda 3"," - ",A40),'Dist expedição'!P:S,3,0),"") | O40: =IFERROR(VLOOKUP(N40,'Dist expedição'!$C:$E,2,0),"") | P40: =IFERROR(VLOOKUP(N40,'Dist expedição'!$C:$F,4,0),"") | Q40: =IF(N40="", "", IF(ISNUMBER(MATCH(SUBSTITUTE(N40, "_AM1", ""), 'Resumo Mapa'!A:A, 0)), "✅", "❌")) | R40: =IFERROR(VLOOKUP(CONCATENATE("Onda 4"," - ",A40),'Dist expedição'!P:S,3,0),"") | S40: =IFERROR(VLOOKUP(R40,'Dist expedição'!$C:$E,2,0),"") | T40: =IFERROR(VLOOKUP(R40,'Dist expedição'!$C:$F,4,0),"") | U40: =IF(R40="", "", IF(ISNUMBER(MATCH(SUBSTITUTE(R40, "_AM1", ""), 'Resumo Mapa'!A:A, 0)), "✅", "❌")) | V40: =IFERROR(VLOOKUP(CONCATENATE("Onda 5"," - ",A40),'Dist expedição'!P:S,3,0),"") | W40: =IFERROR(VLOOKUP(V40,'Dist expedição'!$C:$E,2,0),"") | X40: =IFERROR(VLOOKUP(V40,'Dist expedição'!$C:$F,4,0),"") | Y40: =IF(V40="", "", IF(ISNUMBER(MATCH(SUBSTITUTE(V40, "_AM1", ""), 'Resumo Mapa'!A:A, 0)), "✅", "❌")) | Z40: =IFERROR(VLOOKUP(CONCATENATE("Onda 6"," - ",A40),'Dist expedição'!P:S,3,0),"") | AA40: =IFERROR(VLOOKUP(Z40,'Dist expedição'!$C:$E,2,0),"") | AB40: =IFERROR(VLOOKUP(Z40,'Dist expedição'!$C:$F,4,0),"") | AC40: =IF(Z40="", "", IF(ISNUMBER(MATCH(SUBSTITUTE(Z40, "_AM1", ""), 'Resumo Mapa'!A:A, 0)), "✅", "❌")) | AD40: =IFERROR(VLOOKUP(CONCATENATE("Onda 7"," - ",A40),'Dist expedição'!P:S,3,0),"") | AE40: =IFERROR(VLOOKUP(AD40,'Dist expedição'!$C:$E,2,0),"") | AF40: =IFERROR(VLOOKUP(AD40,'Dist expedição'!$C:$F,4,0),"") | AG40: =IF(AD40="", "", IF(ISNUMBER(MATCH(SUBSTITUTE(AD40, "_AM1", ""), 'Resumo Mapa'!A:A, 0)), "✅", "❌"))
A41: 33 | E41: =IFERROR(VLOOKUP(CONCATENATE("Onda 1"," - ",A41),'Dist expedição'!P:S,3,0),"") | F41: =IFERROR(VLOOKUP(E41,'Dist expedição'!$C:$E,2,0),"") | G41: =IFERROR(VLOOKUP(E41,'Dist expedição'!$C:$F,4,0),"") | H41: =IF(E41="", "", IF(ISNUMBER(MATCH(SUBSTITUTE(E41, "_AM1", ""), 'Resumo Mapa'!A:A, 0)), "✅", "❌")) | I41: =IFERROR(VLOOKUP(CONCATENATE("Onda 2"," - ",A41),'Dist expedição'!P:S,3,0),"") | J41: =IFERROR(VLOOKUP(I41,'Dist expedição'!$C:$E,2,0),"") | K41: =IFERROR(VLOOKUP(I41,'Dist expedição'!$C:$F,4,0),"") | L41: =IF(I41="", "", IF(ISNUMBER(MATCH(SUBSTITUTE(I41, "_AM1", ""), 'Resumo Mapa'!A:A, 0)), "✅", "❌")) | M41: 33 | N41: =IFERROR(VLOOKUP(CONCATENATE("Onda 3"," - ",A41),'Dist expedição'!P:S,3,0),"") | O41: =IFERROR(VLOOKUP(N41,'Dist expedição'!$C:$E,2,0),"") | P41: =IFERROR(VLOOKUP(N41,'Dist expedição'!$C:$F,4,0),"") | Q41: =IF(N41="", "", IF(ISNUMBER(MATCH(SUBSTITUTE(N41, "_AM1", ""), 'Resumo Mapa'!A:A, 0)), "✅", "❌")) | R41: =IFERROR(VLOOKUP(CONCATENATE("Onda 4"," - ",A41),'Dist expedição'!P:S,3,0),"") | S41: =IFERROR(VLOOKUP(R41,'Dist expedição'!$C:$E,2,0),"") | T41: =IFERROR(VLOOKUP(R41,'Dist expedição'!$C:$F,4,0),"") | U41: =IF(R41="", "", IF(ISNUMBER(MATCH(SUBSTITUTE(R41, "_AM1", ""), 'Resumo Mapa'!A:A, 0)), "✅", "❌")) | V41: =IFERROR(VLOOKUP(CONCATENATE("Onda 5"," - ",A41),'Dist expedição'!P:S,3,0),"") | W41: =IFERROR(VLOOKUP(V41,'Dist expedição'!$C:$E,2,0),"") | X41: =IFERROR(VLOOKUP(V41,'Dist expedição'!$C:$F,4,0),"") | Y41: =IF(V41="", "", IF(ISNUMBER(MATCH(SUBSTITUTE(V41, "_AM1", ""), 'Resumo Mapa'!A:A, 0)), "✅", "❌")) | Z41: =IFERROR(VLOOKUP(CONCATENATE("Onda 6"," - ",A41),'Dist expedição'!P:S,3,0),"") | AA41: =IFERROR(VLOOKUP(Z41,'Dist expedição'!$C:$E,2,0),"") | AB41: =IFERROR(VLOOKUP(Z41,'Dist expedição'!$C:$F,4,0),"") | AC41: =IF(Z41="", "", IF(ISNUMBER(MATCH(SUBSTITUTE(Z41, "_AM1", ""), 'Resumo Mapa'!A:A, 0)), "✅", "❌")) | AD41: =IFERROR(VLOOKUP(CONCATENATE("Onda 7"," - ",A41),'Dist expedição'!P:S,3,0),"") | AE41: =IFERROR(VLOOKUP(AD41,'Dist expedição'!$C:$E,2,0),"") | AF41: =IFERROR(VLOOKUP(AD41,'Dist expedição'!$C:$F,4,0),"") | AG41: =IF(AD41="", "", IF(ISNUMBER(MATCH(SUBSTITUTE(AD41, "_AM1", ""), 'Resumo Mapa'!A:A, 0)), "✅", "❌"))
A42: 34 | E42: =IFERROR(VLOOKUP(CONCATENATE("Onda 1"," - ",A42),'Dist expedição'!P:S,3,0),"") | F42: =IFERROR(VLOOKUP(E42,'Dist expedição'!$C:$E,2,0),"") | G42: =IFERROR(VLOOKUP(E42,'Dist expedição'!$C:$F,4,0),"") | H42: =IF(E42="", "", IF(ISNUMBER(MATCH(SUBSTITUTE(E42, "_AM1", ""), 'Resumo Mapa'!A:A, 0)), "✅", "❌")) | I42: =IFERROR(VLOOKUP(CONCATENATE("Onda 2"," - ",A42),'Dist expedição'!P:S,3,0),"") | J42: =IFERROR(VLOOKUP(I42,'Dist expedição'!$C:$E,2,0),"") | K42: =IFERROR(VLOOKUP(I42,'Dist expedição'!$C:$F,4,0),"") | L42: =IF(I42="", "", IF(ISNUMBER(MATCH(SUBSTITUTE(I42, "_AM1", ""), 'Resumo Mapa'!A:A, 0)), "✅", "❌")) | M42: 34 | N42: =IFERROR(VLOOKUP(CONCATENATE("Onda 3"," - ",A42),'Dist expedição'!P:S,3,0),"") | O42: =IFERROR(VLOOKUP(N42,'Dist expedição'!$C:$E,2,0),"") | P42: =IFERROR(VLOOKUP(N42,'Dist expedição'!$C:$F,4,0),"") | Q42: =IF(N42="", "", IF(ISNUMBER(MATCH(SUBSTITUTE(N42, "_AM1", ""), 'Resumo Mapa'!A:A, 0)), "✅", "❌")) | R42: =IFERROR(VLOOKUP(CONCATENATE("Onda 4"," - ",A42),'Dist expedição'!P:S,3,0),"") | S42: =IFERROR(VLOOKUP(R42,'Dist expedição'!$C:$E,2,0),"") | T42: =IFERROR(VLOOKUP(R42,'Dist expedição'!$C:$F,4,0),"") | U42: =IF(R42="", "", IF(ISNUMBER(MATCH(SUBSTITUTE(R42, "_AM1", ""), 'Resumo Mapa'!A:A, 0)), "✅", "❌")) | V42: =IFERROR(VLOOKUP(CONCATENATE("Onda 5"," - ",A42),'Dist expedição'!P:S,3,0),"") | W42: =IFERROR(VLOOKUP(V42,'Dist expedição'!$C:$E,2,0),"") | X42: =IFERROR(VLOOKUP(V42,'Dist expedição'!$C:$F,4,0),"") | Y42: =IF(V42="", "", IF(ISNUMBER(MATCH(SUBSTITUTE(V42, "_AM1", ""), 'Resumo Mapa'!A:A, 0)), "✅", "❌")) | Z42: =IFERROR(VLOOKUP(CONCATENATE("Onda 6"," - ",A42),'Dist expedição'!P:S,3,0),"") | AA42: =IFERROR(VLOOKUP(Z42,'Dist expedição'!$C:$E,2,0),"") | AB42: =IFERROR(VLOOKUP(Z42,'Dist expedição'!$C:$F,4,0),"") | AC42: =IF(Z42="", "", IF(ISNUMBER(MATCH(SUBSTITUTE(Z42, "_AM1", ""), 'Resumo Mapa'!A:A, 0)), "✅", "❌")) | AD42: =IFERROR(VLOOKUP(CONCATENATE("Onda 7"," - ",A42),'Dist expedição'!P:S,3,0),"") | AE42: =IFERROR(VLOOKUP(AD42,'Dist expedição'!$C:$E,2,0),"") | AF42: =IFERROR(VLOOKUP(AD42,'Dist expedição'!$C:$F,4,0),"") | AG42: =IF(AD42="", "", IF(ISNUMBER(MATCH(SUBSTITUTE(AD42, "_AM1", ""), 'Resumo Mapa'!A:A, 0)), "✅", "❌"))
A43: 35 | E43: {=_xlfn.XLOOKUP(CONCATENATE("Onda 1","-",A43),'Dist expedição'!$T:$T,'Dist expedição'!$C:$C,"",0)} | F43: =IFERROR(VLOOKUP(E43,'Dist expedição'!$C:$E,2,0),"") | G43: =IFERROR(VLOOKUP(E43,'Dist expedição'!$C:$F,4,0),"")
A44: 36 | E44: {=_xlfn.XLOOKUP(CONCATENATE("Onda 1","-",A44),'Dist expedição'!T:T,'Dist expedição'!C:C,"",0)} | F44: =IFERROR(VLOOKUP(E44,'Dist expedição'!$C:$D,2,0),"") | G44: =IFERROR(VLOOKUP(E44,'Dist expedição'!$C:$F,4,0),"")
A45: 37 | E45: {=_xlfn.XLOOKUP(CONCATENATE("Onda 1","-",A45),'Dist expedição'!T:T,'Dist expedição'!C:C,"",0)} | F45: =IFERROR(VLOOKUP(E45,'Dist expedição'!$C:$D,2,0),"") | G45: =IFERROR(VLOOKUP(E45,'Dist expedição'!$C:$F,4,0),"")
A46: 38 | E46: {=_xlfn.XLOOKUP(CONCATENATE("Onda 1","-",A46),'Dist expedição'!T:T,'Dist expedição'!C:C,"",0)} | F46: =IFERROR(VLOOKUP(E46,'Dist expedição'!$C:$D,2,0),"") | G46: =IFERROR(VLOOKUP(E46,'Dist expedição'!$C:$F,4,0),"")
A47: 39 | E47: {=_xlfn.XLOOKUP(CONCATENATE("Onda 1","-",A47),'Dist expedição'!T:T,'Dist expedição'!C:C,"",0)} | F47: =IFERROR(VLOOKUP(E47,'Dist expedição'!$C:$D,2,0),"") | G47: =IFERROR(VLOOKUP(E47,'Dist expedição'!$C:$F,4,0),"")
A48: 40 | E48: {=_xlfn.XLOOKUP(CONCATENATE("Onda 1","-",A48),'Dist expedição'!T:T,'Dist expedição'!C:C,"",0)} | F48: =IFERROR(VLOOKUP(E48,'Dist expedição'!$C:$D,2,0),"") | G48: =IFERROR(VLOOKUP(E48,'Dist expedição'!$C:$F,4,0),"")
A49: 41 | E49: {=_xlfn.XLOOKUP(CONCATENATE("Onda 1","-",A49),'Dist expedição'!T:T,'Dist expedição'!C:C,"",0)} | F49: =IFERROR(VLOOKUP(E49,'Dist expedição'!$C:$D,2,0),"") | G49: =IFERROR(VLOOKUP(E49,'Dist expedição'!$C:$F,4,0),"")
A50: 42 | E50: {=_xlfn.XLOOKUP(CONCATENATE("Onda 1","-",A50),'Dist expedição'!T:T,'Dist expedição'!C:C,"",0)} | F50: =IFERROR(VLOOKUP(E50,'Dist expedição'!$C:$D,2,0),"") | G50: =IFERROR(VLOOKUP(E50,'Dist expedição'!$C:$F,4,0),"")
A51: 43 | E51: {=_xlfn.XLOOKUP(CONCATENATE("Onda 1","-",A51),'Dist expedição'!T:T,'Dist expedição'!C:C,"",0)} | F51: =IFERROR(VLOOKUP(E51,'Dist expedição'!$C:$D,2,0),"") | G51: =IFERROR(VLOOKUP(E51,'Dist expedição'!$C:$F,4,0),"")
A52: SACAS: CHAIENNY, VIVIAN, JEHFERSON, GABRIEL ALVES AUDITORIA DE CARRINHOS: KISLAUANE, MARCOS, JOAO GABRIEL | I52: 6. SR1-6-1-1 — Sexta Zona de vidros e espelhos 7. SR1-7-1-1 — Sétima Zona de valiosos 8. SR1-8-1-1 — Oitava Zona de tintas, frágeis e bigs 9. SR1-9-1-1 — Nona Zona de bulky | M52: 1. SR1-1-1-1 — Primeira Zona de gaiolas de sortable 2. SR1-2-1-1 — Segunda Zona de adicional. de sortable 3. SR1-3-1-1 — Terceira Zona de ad. de volumosos AM 4. SR1-4-1-1 — Quarta Zona de ad. de volumosos AM99 5. SR1-5-1-1 — Quinta Zona de televisores" | Q52: 6. SR1-6-1-1 — Sexta Zona de vidros e espelhos 7. SR1-7-1-1 — Sétima Zona de valiosos 8. SR1-8-1-1 — Oitava Zona de tintas, frágeis e bigs 9. SR1-9-1-1 — Nona Zona de bulky

Sheet Mapa
A1: d
B2: PALETES
B3: 1 | C3: 2 | D3: 3 | E3: 4 | F3: 5 | G3: 6 | H3: 7 | I3: 8 | J3: 9 | K3: 10 | L3: 11 | M3: 12 | N3: 13 | O3: 14 | P3: 15 | Q3: 16 | R3: 17 | S3: 18 | T3: 19 | U3: 20 | V3: 21
B10: 22 | C10: 23 | D10: 24 | E10: 25 | F10: 26 | G10: 27 | H10: 28 | I10: 29 | J10: 30 | K10: 31 | L10: 32 | M10: 33 | N10: 34 | O10: 35 | P10: 36 | Q10: 37 | R10: 38 | S10: 39 | T10: 40 | U10: 41 | V10: 42
B18: 43 | C18: 44 | D18: 45 | E18: 46 | F18: 47 | G18: 48 | H18: 49 | I18: 50 | J18: 51 | K18: 52 | L18: 53 | M18: 54 | N18: 55 | O18: 56 | P18: 57 | Q18: 58 | R18: 59 | S18: 60 | T18: 61 | U18: 62 | V18: 63
B26: 64 | C26: 65 | D26: 66 | E26: 67 | F26: 68 | G26: 69 | H26: 70 | I26: 71 | J26: 72 | K26: 73 | L26: 74 | M26: 75 | N26: 76 | O26: 77 | P26: 78 | Q26: 79 | R26: 80 | S26: 81 | T26: 82 | U26: 83 | V26: 84
B32: 85 | C32: 86 | D32: 87 | E32: 88 | F32: 89 | G32: 90 | H32: 91 | I32: 92 | J32: 93 | K32: 94 | L32: 95 | M32: 96 | N32: 97 | O32: 98 | P32: 99 | Q32: 100 | R32: 101 | S32: 102 | T32: 103 | U32: 104 | V32: 105
B42: TVS E ESPELHOS
B43: TVs ( Perto do Volumoso) | G43: TVs (Na Doca) | L43: Colchões | R43: Espelhos
B44: A2 | R44: P9
B45: B9 | R45: Q5
B46: I9 | R46: VJ3
B47: A3 | R47: Q7
B48: A6 | R48: B7
B49: B9 | R49: D3
B50: I10 | R50: VG1
B51: I6
B52: Q3
B53: Q3
B54: I8
B55: I1
B56: C2
B57: C4
B58: C3
B59: VN4
B60: VN4
B61: D1
B62: B8
... B65: LINHA BRANCA
B66: VN3 | D66: VN3
B67: VN3 | D67: I1
B68: VN7 | D68: VN2
B69: VN5 | D69: VN5
B70: VM11 | D70: VN4
B71: VM11 | D71: VN4
B72: VN2 | D72: VN1
B73: VN1 | D73: VM9
B74: VN5 | D74: C3
B75: VM10 | D75: D1
B76: VM8 | D76: VN4
B77: VN5 | D77: I10
B78: VN3 | D78: I7

Sheet Resumo Mapa
A1: =TODAY() -> 46265
A2: Observação: Caso não encontre algum pacote, ele provavelmente já foi levado para a vaga.
A4: Linha Branca | E4: TVs (Perto do Volumoso) | I4: TVs (Área da Doca) | M4: Espelhos
A5: =IFERROR(__xludf.DUMMYFUNCTION("IFERROR(QUERY(TOCOL(Mapa!B66:V78, 1), ""SELECT Col1, COUNT(Col1) GROUP BY Col1 LABEL Col1 'Rota', COUNT(Col1) 'Quantidade'""), ""Sem dados"")"),"Rota") -> Rota | B5: =IFERROR(__xludf.DUMMYFUNCTION("""COMPUTED_VALUE"""),"Quantidade") -> Quantidade | C5: Onda - Vaga | E5: =IFERROR(__xludf.DUMMYFUNCTION("IFERROR(QUERY(TOCOL(Mapa!B44:F63, 1), ""SELECT Col1, COUNT(Col1) GROUP BY Col1 LABEL Col1 'Rota', COUNT(Col1) 'Quantidade'""), ""Sem dados"")"),"Rota") -> Rota | F5: =IFERROR(__xludf.DUMMYFUNCTION("""COMPUTED_VALUE"""),"Quantidade") -> Quantidade | G5: Onda | I5: =IFERROR(__xludf.DUMMYFUNCTION("IFERROR(QUERY(TOCOL(Mapa!G44:K63, 1), ""SELECT Col1, COUNT(Col1) GROUP BY Col1 LABEL Col1 'Rota', COUNT(Col1) 'Quantidade'""), ""Sem dados"")"),"Sem dados") -> Sem dados | K5: Onda | M5: =IFERROR(__xludf.DUMMYFUNCTION("IFERROR(QUERY(TOCOL(Mapa!R44:V63, 1), ""SELECT Col1, COUNT(Col1) GROUP BY Col1 LABEL Col1 'Rota', COUNT(Col1) 'Quantidade'""), ""Sem dados"")"),"Rota") -> Rota | N5: =IFERROR(__xludf.DUMMYFUNCTION("""COMPUTED_VALUE"""),"Quantidade") -> Quantidade | O5: Onda
A6: =IFERROR(__xludf.DUMMYFUNCTION("""COMPUTED_VALUE"""),"C3") -> C3 | B6: =IFERROR(__xludf.DUMMYFUNCTION("""COMPUTED_VALUE"""),1.0) -> 1 | C6: =IFERROR(VLOOKUP(CONCATENATE(A6,"_AM1"),'Dist expedição'!C:P,14,0),"") -> Onda 5 - 19 | E6: =IFERROR(__xludf.DUMMYFUNCTION("""COMPUTED_VALUE"""),"A2") -> A2 | F6: =IFERROR(__xludf.DUMMYFUNCTION("""COMPUTED_VALUE"""),1.0) -> 1 | G6: =IFERROR(VLOOKUP(CONCATENATE(E6,"_AM1"),'Dist expedição'!C:P,14,0),"") -> Onda 4 - 24 | K6: =IFERROR(VLOOKUP(CONCATENATE(I6,"_AM1"),'Dist expedição'!C:P,14,0),"") | M6: =IFERROR(__xludf.DUMMYFUNCTION("""COMPUTED_VALUE"""),"B7") -> B7 | N6: =IFERROR(__xludf.DUMMYFUNCTION("""COMPUTED_VALUE"""),1.0) -> 1 | O6: =IFERROR(VLOOKUP(CONCATENATE(M6,"_AM1"),'Dist expedição'!C:P,14,0),"") -> Onda 5 - 27
A7: =IFERROR(__xludf.DUMMYFUNCTION("""COMPUTED_VALUE"""),"D1") -> D1 | B7: =IFERROR(__xludf.DUMMYFUNCTION("""COMPUTED_VALUE"""),1.0) -> 1 | C7: =IFERROR(VLOOKUP(CONCATENATE(A7,"_AM1"),'Dist expedição'!C:P,14,0),"") -> Onda 4 - 18 | E7: =IFERROR(__xludf.DUMMYFUNCTION("""COMPUTED_VALUE"""),"A3") -> A3 | F7: =IFERROR(__xludf.DUMMYFUNCTION("""COMPUTED_VALUE"""),1.0) -> 1 | G7: =IFERROR(VLOOKUP(CONCATENATE(E7,"_AM1"),'Dist expedição'!C:P,14,0),"") -> Onda 5 - 24 | K7: =IFERROR(VLOOKUP(CONCATENATE(I7,"_AM1"),'Dist expedição'!C:P,12,0),"") | M7: =IFERROR(__xludf.DUMMYFUNCTION("""COMPUTED_VALUE"""),"D3") -> D3 | N7: =IFERROR(__xludf.DUMMYFUNCTION("""COMPUTED_VALUE"""),1.0) -> 1 | O7: =IFERROR(VLOOKUP(CONCATENATE(M7,"_AM1"),'Dist expedição'!C:P,14,0),"") -> Onda 5 - 9
A8: =IFERROR(__xludf.DUMMYFUNCTION("""COMPUTED_VALUE"""),"I1") -> I1 | B8: =IFERROR(__xludf.DUMMYFUNCTION("""COMPUTED_VALUE"""),1.0) -> 1 | C8: =IFERROR(VLOOKUP(CONCATENATE(A8,"_AM1"),'Dist expedição'!C:P,14,0),"") -> Onda 4 - 19 | E8: =IFERROR(__xludf.DUMMYFUNCTION("""COMPUTED_VALUE"""),"A6") -> A6 | F8: =IFERROR(__xludf.DUMMYFUNCTION("""COMPUTED_VALUE"""),1.0) -> 1 | G8: =IFERROR(VLOOKUP(CONCATENATE(E8,"_AM1"),'Dist expedição'!C:P,14,0),"") -> Onda 4 - 23 | K8: =IFERROR(VLOOKUP(CONCATENATE(I8,"_AM1"),'Dist expedição'!C:P,12,0),"") | M8: =IFERROR(__xludf.DUMMYFUNCTION("""COMPUTED_VALUE"""),"P9") -> P9 | N8: =IFERROR(__xludf.DUMMYFUNCTION("""COMPUTED_VALUE"""),1.0) -> 1 | O8: =IFERROR(VLOOKUP(CONCATENATE(M8,"_AM1"),'Dist expedição'!C:P,14,0),"") -> Onda 3 - 27
A9: =IFERROR(__xludf.DUMMYFUNCTION("""COMPUTED_VALUE"""),"I10") -> I10 | B9: =IFERROR(__xludf.DUMMYFUNCTION("""COMPUTED_VALUE"""),1.0) -> 1 | C9: =IFERROR(VLOOKUP(CONCATENATE(A9,"_AM1"),'Dist expedição'!C:P,14,0),"") -> Onda 4 - 29 | E9: =IFERROR(__xludf.DUMMYFUNCTION("""COMPUTED_VALUE"""),"B8") -> B8 | F9: =IFERROR(__xludf.DUMMYFUNCTION("""COMPUTED_VALUE"""),1.0) -> 1 | G9: =IFERROR(VLOOKUP(CONCATENATE(E9,"_AM1"),'Dist expedição'!C:P,14,0),"") -> Onda 5 - 16 | K9: =IFERROR(VLOOKUP(CONCATENATE(I9,"_AM1"),'Dist expedição'!C:P,12,0),"") | M9: =IFERROR(__xludf.DUMMYFUNCTION("""COMPUTED_VALUE"""),"Q5") -> Q5 | N9: =IFERROR(__xludf.DUMMYFUNCTION("""COMPUTED_VALUE"""),1.0) -> 1 | O9: =IFERROR(VLOOKUP(CONCATENATE(M9,"_AM1"),'Dist expedição'!C:P,14,0),"") -> Onda 3 - 20
A10: =IFERROR(__xludf.DUMMYFUNCTION("""COMPUTED_VALUE"""),"I7") -> I7 | B10: =IFERROR(__xludf.DUMMYFUNCTION("""COMPUTED_VALUE"""),1.0) -> 1 | C10: =IFERROR(VLOOKUP(CONCATENATE(A10,"_AM1"),'Dist expedição'!C:P,14,0),"") -> Onda 6 - 26 | E10: =IFERROR(__xludf.DUMMYFUNCTION("""COMPUTED_VALUE"""),"B9") -> B9 | F10: =IFERROR(__xludf.DUMMYFUNCTION("""COMPUTED_VALUE"""),2.0) -> 2 | G10: =IFERROR(VLOOKUP(CONCATENATE(E10,"_AM1"),'Dist expedição'!C:P,14,0),"") -> Onda 5 - 13 | K10: =IFERROR(VLOOKUP(CONCATENATE(I10,"_AM1"),'Dist expedição'!C:P,12,0),"") | M10: =IFERROR(__xludf.DUMMYFUNCTION("""COMPUTED_VALUE"""),"Q7") -> Q7 | N10: =IFERROR(__xludf.DUMMYFUNCTION("""COMPUTED_VALUE"""),1.0) -> 1 | O10: =IFERROR(VLOOKUP(CONCATENATE(M10,"_AM1"),'Dist expedição'!C:P,14,0),"") -> Onda 4 - 16
A11: =IFERROR(__xludf.DUMMYFUNCTION("""COMPUTED_VALUE"""),"VM10") -> VM10 | B11: =IFERROR(__xludf.DUMMYFUNCTION("""COMPUTED_VALUE"""),1.0) -> 1 | C11: =IFERROR(VLOOKUP(CONCATENATE(A11,"_AM1"),'Dist expedição'!C:P,14,0),"") -> Onda 6 - DOCA 1 | E11: =IFERROR(__xludf.DUMMYFUNCTION("""COMPUTED_VALUE"""),"C2") -> C2 | F11: =IFERROR(__xludf.DUMMYFUNCTION("""COMPUTED_VALUE"""),1.0) -> 1 | G11: =IFERROR(VLOOKUP(CONCATENATE(E11,"_AM1"),'Dist expedição'!C:P,14,0),"") -> Onda 6 - 18 | K11: =IFERROR(VLOOKUP(CONCATENATE(I11,"_AM1"),'Dist expedição'!C:P,12,0),"") | M11: =IFERROR(__xludf.DUMMYFUNCTION("""COMPUTED_VALUE"""),"VG1") -> VG1 | N11: =IFERROR(__xludf.DUMMYFUNCTION("""COMPUTED_VALUE"""),1.0) -> 1 | O11: =IFERROR(VLOOKUP(CONCATENATE(M11,"_AM1"),'Dist expedição'!C:P,14,0),"")
A12: =IFERROR(__xludf.DUMMYFUNCTION("""COMPUTED_VALUE"""),"VM11") -> VM11 | B12: =IFERROR(__xludf.DUMMYFUNCTION("""COMPUTED_VALUE"""),2.0) -> 2 | C12: =IFERROR(VLOOKUP(CONCATENATE(A12,"_AM1"),'Dist expedição'!C:P,14,0),"") -> Onda 6 - DOCA 2 | E12: =IFERROR(__xludf.DUMMYFUNCTION("""COMPUTED_VALUE"""),"C3") -> C3 | F12: =IFERROR(__xludf.DUMMYFUNCTION("""COMPUTED_VALUE"""),1.0) -> 1 | G12: =IFERROR(VLOOKUP(CONCATENATE(E12,"_AM1"),'Dist expedição'!C:P,14,0),"") -> Onda 5 - 19 | K12: =IFERROR(VLOOKUP(CONCATENATE(I12,"_AM1"),'Dist expedição'!C:P,12,0),"") | M12: =IFERROR(__xludf.DUMMYFUNCTION("""COMPUTED_VALUE"""),"VJ3") -> VJ3 | N12: =IFERROR(__xludf.DUMMYFUNCTION("""COMPUTED_VALUE"""),1.0) -> 1 | O12: =IFERROR(VLOOKUP(CONCATENATE(M12,"_AM1"),'Dist expedição'!C:P,14,0),"")
A13: =IFERROR(__xludf.DUMMYFUNCTION("""COMPUTED_VALUE"""),"VM8") -> VM8 | B13: =IFERROR(__xludf.DUMMYFUNCTION("""COMPUTED_VALUE"""),1.0) -> 1 | C13: =IFERROR(VLOOKUP(CONCATENATE(A13,"_AM1"),'Dist expedição'!C:P,14,0),"") -> Onda 4 - DOCA 1 | E13: =IFERROR(__xludf.DUMMYFUNCTION("""COMPUTED_VALUE"""),"C4") -> C4 | F13: =IFERROR(__xludf.DUMMYFUNCTION("""COMPUTED_VALUE"""),1.0) -> 1 | G13: =IFERROR(VLOOKUP(CONCATENATE(E13,"_AM1"),'Dist expedição'!C:P,14,0),"") -> Onda 5 - 11 | K13: =IFERROR(VLOOKUP(CONCATENATE(I13,"_AM1"),'Dist expedição'!C:P,12,0),"") | O13: =IFERROR(VLOOKUP(CONCATENATE(M13,"_AM1"),'Dist expedição'!C:P,14,0),"")
A14: =IFERROR(__xludf.DUMMYFUNCTION("""COMPUTED_VALUE"""),"VM9") -> VM9 | B14: =IFERROR(__xludf.DUMMYFUNCTION("""COMPUTED_VALUE"""),1.0) -> 1 | C14: =IFERROR(VLOOKUP(CONCATENATE(A14,"_AM1"),'Dist expedição'!C:P,14,0),"") -> Onda 3 - DOCA 1 | E14: =IFERROR(__xludf.DUMMYFUNCTION("""COMPUTED_VALUE"""),"C7") -> C7 | F14: =IFERROR(__xludf.DUMMYFUNCTION("""COMPUTED_VALUE"""),1.0) -> 1 | G14: =IFERROR(VLOOKUP(CONCATENATE(E14,"_AM1"),'Dist expedição'!C:P,14,0),"") -> Onda 5 - 28 | K14: =IFERROR(VLOOKUP(CONCATENATE(I14,"_AM1"),'Dist expedição'!C:P,12,0),"") | O14: =IFERROR(VLOOKUP(CONCATENATE(M14,"_AM1"),'Dist expedição'!C:P,14,0),"")
A15: =IFERROR(__xludf.DUMMYFUNCTION("""COMPUTED_VALUE"""),"VN1") -> VN1 | B15: =IFERROR(__xludf.DUMMYFUNCTION("""COMPUTED_VALUE"""),2.0) -> 2 | C15: =IFERROR(VLOOKUP(CONCATENATE(A15,"_AM1"),'Dist expedição'!C:P,14,0),"") -> Onda 4 - DOCA 2 | E15: =IFERROR(__xludf.DUMMYFUNCTION("""COMPUTED_VALUE"""),"D1") -> D1 | F15: =IFERROR(__xludf.DUMMYFUNCTION("""COMPUTED_VALUE"""),1.0) -> 1 | G15: =IFERROR(VLOOKUP(CONCATENATE(E15,"_AM1"),'Dist expedição'!C:P,14,0),"") -> Onda 4 - 18 | K15: =IFERROR(VLOOKUP(CONCATENATE(I15,"_AM1"),'Dist expedição'!C:P,12,0),"") | O15: =IFERROR(VLOOKUP(CONCATENATE(M15,"_AM1"),'Dist expedição'!C:P,14,0),"")
A16: =IFERROR(__xludf.DUMMYFUNCTION("""COMPUTED_VALUE"""),"VN2") -> VN2 | B16: =IFERROR(__xludf.DUMMYFUNCTION("""COMPUTED_VALUE"""),2.0) -> 2 | C16: =IFERROR(VLOOKUP(CONCATENATE(A16,"_AM1"),'Dist expedição'!C:P,14,0),"") -> Onda 6 - 9 | E16: =IFERROR(__xludf.DUMMYFUNCTION("""COMPUTED_VALUE"""),"I1") -> I1 | F16: =IFERROR(__xludf.DUMMYFUNCTION("""COMPUTED_VALUE"""),1.0) -> 1 | G16: =IFERROR(VLOOKUP(CONCATENATE(E16,"_AM1"),'Dist expedição'!C:P,14,0),"") -> Onda 4 - 19 | K16: =IFERROR(VLOOKUP(CONCATENATE(I16,"_AM1"),'Dist expedição'!C:P,12,0),"") | O16: =IFERROR(VLOOKUP(CONCATENATE(M16,"_AM1"),'Dist expedição'!C:P,14,0),"")
A17: =IFERROR(__xludf.DUMMYFUNCTION("""COMPUTED_VALUE"""),"VN3") -> VN3 | B17: =IFERROR(__xludf.DUMMYFUNCTION("""COMPUTED_VALUE"""),4.0) -> 4 | C17: =IFERROR(VLOOKUP(CONCATENATE(A17,"_AM1"),'Dist expedição'!C:P,14,0),"") -> Onda 5 - 12 | E17: =IFERROR(__xludf.DUMMYFUNCTION("""COMPUTED_VALUE"""),"I10") -> I10 | F17: =IFERROR(__xludf.DUMMYFUNCTION("""COMPUTED_VALUE"""),1.0) -> 1 | G17: =IFERROR(VLOOKUP(CONCATENATE(E17,"_AM1"),'Dist expedição'!C:P,14,0),"") -> Onda 4 - 29 | K17: =IFERROR(VLOOKUP(CONCATENATE(I17,"_AM1"),'Dist expedição'!C:P,12,0),"") | O17: =IFERROR(VLOOKUP(CONCATENATE(M17,"_AM1"),'Dist expedição'!C:P,14,0),"")
A18: =IFERROR(__xludf.DUMMYFUNCTION("""COMPUTED_VALUE"""),"VN4") -> VN4 | B18: =IFERROR(__xludf.DUMMYFUNCTION("""COMPUTED_VALUE"""),3.0) -> 3 | C18: =IFERROR(VLOOKUP(CONCATENATE(A18,"_AM1"),'Dist expedição'!C:P,14,0),"") -> Onda 6 - 15 | E18: =IFERROR(__xludf.DUMMYFUNCTION("""COMPUTED_VALUE"""),"I6") -> I6 | F18: =IFERROR(__xludf.DUMMYFUNCTION("""COMPUTED_VALUE"""),1.0) -> 1 | G18: =IFERROR(VLOOKUP(CONCATENATE(E18,"_AM1"),'Dist expedição'!C:P,14,0),"") -> Onda 6 - 20 | K18: =IFERROR(VLOOKUP(CONCATENATE(I18,"_AM1"),'Dist expedição'!C:P,12,0),"") | O18: =IFERROR(VLOOKUP(CONCATENATE(M18,"_AM1"),'Dist expedição'!C:P,14,0),"")
A19: =IFERROR(__xludf.DUMMYFUNCTION("""COMPUTED_VALUE"""),"VN5") -> VN5 | B19: =IFERROR(__xludf.DUMMYFUNCTION("""COMPUTED_VALUE"""),4.0) -> 4 | C19: =IFERROR(VLOOKUP(CONCATENATE(A19,"_AM1"),'Dist expedição'!C:P,14,0),"") -> Onda 6 - | E19: =IFERROR(__xludf.DUMMYFUNCTION("""COMPUTED_VALUE"""),"I8") -> I8 | F19: =IFERROR(__xludf.DUMMYFUNCTION("""COMPUTED_VALUE"""),1.0) -> 1 | G19: =IFERROR(VLOOKUP(CONCATENATE(E19,"_AM1"),'Dist expedição'!C:P,14,0),"") -> Onda 4 - 12 | K19: =IFERROR(VLOOKUP(CONCATENATE(I19,"_AM1"),'Dist expedição'!C:P,12,0),"") | O19: =IFERROR(VLOOKUP(CONCATENATE(M19,"_AM1"),'Dist expedição'!C:P,14,0),"")
A20: =IFERROR(__xludf.DUMMYFUNCTION("""COMPUTED_VALUE"""),"VN7") -> VN7 | B20: =IFERROR(__xludf.DUMMYFUNCTION("""COMPUTED_VALUE"""),1.0) -> 1 | C20: =IFERROR(VLOOKUP(CONCATENATE(A20,"_AM1"),'Dist expedição'!C:P,14,0),"") -> Onda 3 - DOCA 2 | E20: =IFERROR(__xludf.DUMMYFUNCTION("""COMPUTED_VALUE"""),"I9") -> I9 | F20: =IFERROR(__xludf.DUMMYFUNCTION("""COMPUTED_VALUE"""),1.0) -> 1 | G20: =IFERROR(VLOOKUP(CONCATENATE(E20,"_AM1"),'Dist expedição'!C:P,14,0),"") -> Onda 6 - 28 | K20: =IFERROR(VLOOKUP(CONCATENATE(I20,"_AM1"),'Dist expedição'!C:P,12,0),"") | O20: =IFERROR(VLOOKUP(CONCATENATE(M20,"_AM1"),'Dist expedição'!C:P,14,0),"")
C21: =IFERROR(VLOOKUP(CONCATENATE(A21,"_AM1"),'Dist expedição'!C:P,14,0),"") | E21: =IFERROR(__xludf.DUMMYFUNCTION("""COMPUTED_VALUE"""),"Q3") -> Q3 | F21: =IFERROR(__xludf.DUMMYFUNCTION("""COMPUTED_VALUE"""),2.0) -> 2 | G21: =IFERROR(VLOOKUP(CONCATENATE(E21,"_AM1"),'Dist expedição'!C:P,14,0),"") -> Onda 4 - 10 | K21: =IFERROR(VLOOKUP(CONCATENATE(I21,"_AM1"),'Dist expedição'!C:P,12,0),"") | O21: =IFERROR(VLOOKUP(CONCATENATE(M21,"_AM1"),'Dist expedição'!C:P,14,0),"")
C22: =IFERROR(VLOOKUP(CONCATENATE(A22,"_AM1"),'Dist expedição'!C:P,14,0),"") | E22: =IFERROR(__xludf.DUMMYFUNCTION("""COMPUTED_VALUE"""),"VN4") -> VN4 | F22: =IFERROR(__xludf.DUMMYFUNCTION("""COMPUTED_VALUE"""),2.0) -> 2 | G22: =IFERROR(VLOOKUP(CONCATENATE(E22,"_AM1"),'Dist expedição'!C:P,14,0),"") -> Onda 6 - 15 | K22: =IFERROR(VLOOKUP(CONCATENATE(I22,"_AM1"),'Dist expedição'!C:P,12,0),"") | O22: =IFERROR(VLOOKUP(CONCATENATE(M22,"_AM1"),'Dist expedição'!C:P,14,0),"")
C23: =IFERROR(VLOOKUP(CONCATENATE(A23,"_AM1"),'Dist expedição'!C:P,14,0),"") | G23: =IFERROR(VLOOKUP(CONCATENATE(E23,"_AM1"),'Dist expedição'!C:P,14,0),"") | K23: =IFERROR(VLOOKUP(CONCATENATE(I23,"_AM1"),'Dist expedição'!C:P,12,0),"") | O23: =IFERROR(VLOOKUP(CONCATENATE(M23,"_AM1"),'Dist expedição'!C:P,14,0),"")
C24: =IFERROR(VLOOKUP(CONCATENATE(A24,"_AM1"),'Dist expedição'!C:P,14,0),"") | G24: =IFERROR(VLOOKUP(CONCATENATE(E24,"_AM1"),'Dist expedição'!C:P,14,0),"") | K24: =IFERROR(VLOOKUP(CONCATENATE(I24,"_AM1"),'Dist expedição'!C:P,12,0),"") | O24: =IFERROR(VLOOKUP(CONCATENATE(M24,"_AM1"),'Dist expedição'!C:P,14,0),"")
C25: =IFERROR(VLOOKUP(CONCATENATE(A25,"_AM1"),'Dist expedição'!C:P,14,0),"") | G25: =IFERROR(VLOOKUP(CONCATENATE(E25,"_AM1"),'Dist expedição'!C:P,14,0),"") | K25: =IFERROR(VLOOKUP(CONCATENATE(I25,"_AM1"),'Dist expedição'!C:P,12,0),"") | O25: =IFERROR(VLOOKUP(CONCATENATE(M25,"_AM1"),'Dist expedição'!C:P,14,0),"")
C26: =IFERROR(VLOOKUP(CONCATENATE(A26,"_AM1"),'Dist expedição'!C:P,14,0),"") | G26: =IFERROR(VLOOKUP(CONCATENATE(E26,"_AM1"),'Dist expedição'!C:P,14,0),"") | K26: =IFERROR(VLOOKUP(CONCATENATE(I26,"_AM1"),'Dist expedição'!C:P,12,0),"") | O26: =IFERROR(VLOOKUP(CONCATENATE(M26,"_AM1"),'Dist expedição'!C:P,14,0),"")
C27: =IFERROR(VLOOKUP(CONCATENATE(A27,"_AM1"),'Dist expedição'!C:P,14,0),"") | G27: =IFERROR(VLOOKUP(CONCATENATE(E27,"_AM1"),'Dist expedição'!C:P,14,0),"") | K27: =IFERROR(VLOOKUP(CONCATENATE(I27,"_AM1"),'Dist expedição'!C:P,12,0),"") | O27: =IFERROR(VLOOKUP(CONCATENATE(M27,"_AM1"),'Dist expedição'!C:P,14,0),"")
C28: =IFERROR(VLOOKUP(CONCATENATE(A28,"_AM1"),'Dist expedição'!C:P,14,0),"") | G28: =IFERROR(VLOOKUP(CONCATENATE(E28,"_AM1"),'Dist expedição'!C:P,14,0),"") | K28: =IFERROR(VLOOKUP(CONCATENATE(I28,"_AM1"),'Dist expedição'!C:P,12,0),"") | O28: =IFERROR(VLOOKUP(CONCATENATE(M28,"_AM1"),'Dist expedição'!C:P,14,0),"")
C29: =IFERROR(VLOOKUP(CONCATENATE(A29,"_AM1"),'Dist expedição'!C:P,14,0),"") | G29: =IFERROR(VLOOKUP(CONCATENATE(E29,"_AM1"),'Dist expedição'!C:P,14,0),"") | K29: =IFERROR(VLOOKUP(CONCATENATE(I29,"_AM1"),'Dist expedição'!C:P,12,0),"") | O29: =IFERROR(VLOOKUP(CONCATENATE(M29,"_AM1"),'Dist expedição'!C:P,14,0),"")
C30: =IFERROR(VLOOKUP(CONCATENATE(A30,"_AM1"),'Dist expedição'!C:P,14,0),"") | G30: =IFERROR(VLOOKUP(CONCATENATE(E30,"_AM1"),'Dist expedição'!C:P,14,0),"") | K30: =IFERROR(VLOOKUP(CONCATENATE(I30,"_AM1"),'Dist expedição'!C:P,12,0),"") | O30: =IFERROR(VLOOKUP(CONCATENATE(M30,"_AM1"),'Dist expedição'!C:P,14,0),"")
C31: =IFERROR(VLOOKUP(CONCATENATE(A31,"_AM1"),'Dist expedição'!C:P,14,0),"") | G31: =IFERROR(VLOOKUP(CONCATENATE(E31,"_AM1"),'Dist expedição'!C:P,14,0),"") | K31: =IFERROR(VLOOKUP(CONCATENATE(I31,"_AM1"),'Dist expedição'!C:P,12,0),"") | O31: =IFERROR(VLOOKUP(CONCATENATE(M31,"_AM1"),'Dist expedição'!C:P,14,0),"")
C32: =IFERROR(VLOOKUP(CONCATENATE(A32,"_AM1"),'Dist expedição'!C:P,14,0),"") | G32: =IFERROR(VLOOKUP(CONCATENATE(E32,"_AM1"),'Dist expedição'!C:P,14,0),"") | K32: =IFERROR(VLOOKUP(CONCATENATE(I32,"_AM1"),'Dist expedição'!C:P,12,0),"") | O32: =IFERROR(VLOOKUP(CONCATENATE(M32,"_AM1"),'Dist expedição'!C:P,14,0),"")
C33: =IFERROR(VLOOKUP(CONCATENATE(A33,"_AM1"),'Dist expedição'!C:P,14,0),"") | G33: =IFERROR(VLOOKUP(CONCATENATE(E33,"_AM1"),'Dist expedição'!C:P,14,0),"") | K33: =IFERROR(VLOOKUP(CONCATENATE(I33,"_AM1"),'Dist expedição'!C:P,12,0),"") | O33: =IFERROR(VLOOKUP(CONCATENATE(M33,"_AM1"),'Dist expedição'!C:P,14,0),"")
C34: =IFERROR(VLOOKUP(CONCATENATE(A34,"_AM1"),'Dist expedição'!C:P,14,0),"") | G34: =IFERROR(VLOOKUP(CONCATENATE(E34,"_AM1"),'Dist expedição'!C:P,14,0),"") | K34: =IFERROR(VLOOKUP(CONCATENATE(I34,"_AM1"),'Dist expedição'!C:P,12,0),"") | O34: =IFERROR(VLOOKUP(CONCATENATE(M34,"_AM1"),'Dist expedição'!C:P,14,0),"")
C35: =IFERROR(VLOOKUP(CONCATENATE(A35,"_AM1"),'Dist expedição'!C:P,14,0),"") | G35: =IFERROR(VLOOKUP(CONCATENATE(E35,"_AM1"),'Dist expedição'!C:P,14,0),"") | K35: =IFERROR(VLOOKUP(CONCATENATE(I35,"_AM1"),'Dist expedição'!C:P,12,0),"") | O35: =IFERROR(VLOOKUP(CONCATENATE(M35,"_AM1"),'Dist expedição'!C:P,14,0),"")
C36: =IFERROR(VLOOKUP(A36,'Dist expedição'!R:T,3,0),"")
C37: =IFERROR(VLOOKUP(A37,'Dist expedição'!R:T,3,0),"")
C38: =IFERROR(VLOOKUP(A38,'Dist expedição'!R:T,3,0),"")
C39: =IFERROR(VLOOKUP(A39,'Dist expedição'!R:T,3,0),"")
C40: =IFERROR(VLOOKUP(A40,'Dist expedição'!R:T,3,0),"")
C41: =IFERROR(VLOOKUP(A41,'Dist expedição'!R:T,3,0),"")
C42: =IFERROR(VLOOKUP(A42,'Dist expedição'!R:T,3,0),"")
C43: =IFERROR(VLOOKUP(A43,'Dist expedição'!R:T,3,0),"")
C44: =IFERROR(VLOOKUP(A44,'Dist expedição'!R:T,3,0),"")
C45: =IFERROR(VLOOKUP(A45,'Dist expedição'!R:T,3,0),"")
C46: =IFERROR(VLOOKUP(A46,'Dist expedição'!R:T,3,0),"")
C47: =IFERROR(VLOOKUP(A47,'Dist expedição'!R:T,3,0),"")
... C89: =IFERROR(VLOOKUP(A89,'Dist expedição'!R:T,3,0),"")
